arch,run_id,init,seed,epoch,test_acc,functional,norm_theta,dist_from_own_init,PC1_abs,PC2_abs,PC1_disp,PC2_disp,mean_absW,ln_r2_mean,stable_rank_mean,lens_power_mean,sv_entropy_mean
A,A_he_normal_s0,he_normal,0,0,10.31,True,80.08833687170686,0.0,-60.490655605002026,9.595285558035538,-0.21765832533749807,0.10058888253247474,0.09738476342342883,0.8964412198223635,33.17753882516443,0.4548705068054048,4.550720536505322
A,A_he_normal_s0,he_normal,0,1,93.92,True,80.40633930993528,8.626817112858538,-60.79953675436107,9.641238126582163,-0.2895790386396083,0.24319515960112456,0.09767075525013127,0.8991986234952418,32.6398561337266,0.45178544263164583,4.550625853609477
A,A_he_normal_s0,he_normal,0,2,95.19,True,80.62938395397151,11.061234674827283,-60.93467170643847,9.678670110399295,-0.2935764628492001,0.2900690662121333,0.09786443444239298,0.8984869930238545,32.391302647300634,0.4501628403369221,4.55049568139681
A,A_he_normal_s0,he_normal,0,3,95.94,True,80.80156665956862,12.549623197309902,-61.01729729681392,9.697218246827967,-0.32840391594024904,0.3270845689249201,0.09802729437881172,0.8985640839819674,32.41643048466513,0.45025256462123997,4.550311832270906
A,A_he_normal_s0,he_normal,0,4,96.14,True,80.95647794543592,13.7453487501528,-61.086661648056925,9.69759733586565,-0.3480248016302412,0.3406902899060384,0.09816354802115036,0.8976200526462148,32.268624918901374,0.4492731020572404,4.550116933043129
A,A_he_normal_s0,he_normal,0,5,96.3,True,81.1517250028294,15.033515611866974,-61.15101288187624,9.706283660532101,-0.3633999696462495,0.3726046771923863,0.09834084307681763,0.8983213335959341,32.024443399493734,0.4476360463857297,4.549929694450574
A,A_he_normal_s0,he_normal,0,6,96.22,True,81.37945569063031,16.35210169904478,-61.220946807369835,9.720412281476989,-0.36834119968929335,0.3816456913913106,0.09855536885601592,0.8980445429794087,31.755092885520526,0.4457727547606319,4.549696533803469
A,A_he_normal_s0,he_normal,0,7,97.0,True,81.5687646661055,17.38072616647717,-61.268637216247406,9.732143321599747,-0.3840320610647208,0.4023603196686585,0.09872300488674544,0.8976412553850792,31.486337124790957,0.44382885847309866,4.549395726581329
A,A_he_normal_s0,he_normal,0,8,97.19,True,81.75533369277656,18.317520008850195,-61.30547415788612,9.738470406633775,-0.38963804974809335,0.41772823828632993,0.09889906634726392,0.8980903945707955,31.44619399715748,0.4433771406270162,4.549032245666434
A,A_he_normal_s0,he_normal,0,9,97.3,True,81.92743522217367,19.17475445683062,-61.322578963084304,9.740829518167647,-0.3999336223618051,0.40058878696053335,0.09904855883137577,0.8981580543501297,31.20713870583592,0.4417492002023381,4.548948663931172
A,A_he_normal_s0,he_normal,0,10,97.31,True,82.13766688942854,20.093913064240244,-61.352465779851244,9.741152091818316,-0.4198276832751349,0.4399786208911365,0.09924217944021807,0.8985069457771486,31.0669987348248,0.44069986904913355,4.548731011223131
A,A_he_normal_s1,he_normal,1,0,9.22,True,80.06867646047277,0.0,40.144887831062356,46.050946388816904,-0.21765832533749885,0.10058888253247,0.09740154345671664,0.8978374535556646,33.215618305489315,0.45498916713708853,4.550811786134987
A,A_he_normal_s1,he_normal,1,1,92.78,True,80.35124085806427,8.367506716566586,40.34986893799063,46.26175665094005,-0.3589148580680352,0.07969657190613279,0.09767950186242905,0.8975460774546214,32.63804164742094,0.451202291394614,4.550642853635212
A,A_he_normal_s1,he_normal,1,2,95.24,True,80.55098351941496,10.804785315236959,40.432299801896974,46.36076471043401,-0.39864419407045143,0.08446996497558752,0.09787495533272501,0.8970314703845678,32.449411400672055,0.4498488221061958,4.550660396616487
A,A_he_normal_s1,he_normal,1,3,95.56,True,80.73688718991815,12.415304454623497,40.50072361816593,46.42158174323302,-0.4014533609918542,0.10452314705379903,0.09805244335311426,0.8953927928181359,32.364718362335495,0.4487393043320076,4.550304811919843
A,A_he_normal_s1,he_normal,1,4,96.05,True,80.93314607188061,13.866127460521463,40.55997241155426,46.48352114449371,-0.4185280597450591,0.10119779425690487,0.09827221945796377,0.89599555017034,32.15446563246335,0.44590806474413214,4.549996176851264
A,A_he_normal_s1,he_normal,1,5,96.55,True,81.13683877233572,15.19065542740773,40.6089574233862,46.530086076067064,-0.4420687389358421,0.11948166918267694,0.09846477148306446,0.8969536747311735,31.930060901880445,0.4440211195916574,4.549590002725115
A,A_he_normal_s1,he_normal,1,6,97.06,True,81.33665442143885,16.353152119700038,40.651954750775324,46.58315540198711,-0.45936714941773316,0.12294861082797552,0.09866622363346408,0.8960683993566221,31.65827108422493,0.44206644330313255,4.549500977964167
A,A_he_normal_s1,he_normal,1,7,96.86,True,81.53386770359351,17.46073414035345,40.66816377083623,46.61438820466554,-0.4978048846047807,0.11535583779459005,0.09885875374314579,0.8952479259872926,31.45369976287799,0.4400788457765374,4.549338951640449
A,A_he_normal_s1,he_normal,1,8,96.59,True,81.72429106805926,18.411380452921904,40.70742885598063,46.63700934240155,-0.4983627854414715,0.12770469120338662,0.09903587756396805,0.8969483831377112,31.38612207950344,0.4386701030732429,4.5490039412987695
A,A_he_normal_s1,he_normal,1,9,96.38,True,81.93152922331203,19.48032717822137,40.7119042503406,46.64790256594592,-0.5190220105815604,0.14214747996070368,0.09920619764658856,0.8980068076273455,31.13149214530393,0.4369861896635034,4.5486177921375965
A,A_he_normal_s1,he_normal,1,10,96.36,True,82.14687554323672,20.42792544480787,40.73169661161729,46.66093078266402,-0.511599598775183,0.14549982674972703,0.09942318567057923,0.896906426663686,30.976529494206595,0.435686437985942,4.548220109500701
A,A_he_normal_s2,he_normal,2,0,11.25,True,80.21429362760621,0.0,21.47204018929353,-59.24477657927538,-0.21765832533749924,0.1005888825324751,0.09762964862868098,0.8977892878333807,33.32744389069057,0.4561833434602737,4.550617106554608
A,A_he_normal_s2,he_normal,2,1,92.75,True,80.48399972517119,8.166304555272244,21.542124868932422,-59.495983949926554,-0.2985300185063057,0.19651457384375765,0.0978878473479745,0.896608209035513,32.55855744265897,0.4515686469515864,4.550595450343989
A,A_he_normal_s2,he_normal,2,2,94.97,True,80.67927925679916,10.530916228336988,21.59005837360419,-59.610634679757744,-0.3654474534187294,0.22002216493547444,0.09806513413473292,0.8969242091270407,32.43889052573327,0.4507712470403741,4.550462504911764
A,A_he_normal_s2,he_normal,2,3,95.73,True,80.86866273946364,12.29606207406866,21.61258670073311,-59.70127938865595,-0.43214037082781553,0.2522898681845686,0.09823364019786851,0.89684646896945,32.19812063487121,0.44911436611354905,4.550374312669465
A,A_he_normal_s2,he_normal,2,4,95.69,True,81.06262509020011,13.86996888836429,21.639961212617294,-59.766247468158184,-0.48081558247354655,0.26703428461535444,0.09840957566699883,0.8967290256190463,32.044329128049974,0.44809180434924006,4.550170206090575
A,A_he_normal_s2,he_normal,2,5,96.97,True,81.25576978802417,15.205714323162361,21.663387150146352,-59.82972126988623,-0.5001845398006557,0.24678935222787438,0.09858372764766271,0.8978364753693169,31.71283712696691,0.4456741407090885,4.550025888352087
A,A_he_normal_s2,he_normal,2,6,96.79,True,81.41909995238532,16.24455488179226,21.68048645464997,-59.8774596351152,-0.5283064788183364,0.31301101247003427,0.098732178128351,0.8980143066578601,31.637715226367245,0.44505146404274054,4.5497987374092626
A,A_he_normal_s2,he_normal,2,7,96.76,True,81.62384435374999,17.372844027236617,21.703285891186663,-59.922572457251555,-0.584169023221438,0.3216226772213518,0.09890310760147236,0.896198881017172,31.438296890756813,0.4435819478041498,4.549559974666801
A,A_he_normal_s2,he_normal,2,8,96.91,True,81.79298664778648,18.26484149137868,21.724139580567766,-59.94637614683696,-0.5837809895081277,0.32095047643993274,0.0990571090010383,0.897980914167198,31.36649509223675,0.44316709718021957,4.549247555784718
A,A_he_normal_s2,he_normal,2,9,97.13,True,81.97487317623526,19.140515974033928,21.735648766338823,-59.97086946573282,-0.5629789327015317,0.3418989905092909,0.0992279844055508,0.8980000956173207,31.069251868572938,0.4410046128480243,4.548902417086098
A,A_he_normal_s2,he_normal,2,10,97.25,True,82.17447563270272,20.0633199052675,21.743529224466744,-59.98893772256174,-0.5813964225706865,0.36503015928444205,0.0994170713701089,0.8977227740479174,30.93827305214596,0.44005030561686687,4.548586989555827
A,A_he_uniform_s0,he_uniform,0,0,8.92,True,80.1074899330864,0.0,36.769414366050654,-5.233011308862298,-0.2176583253374993,0.10058888253247521,0.10577925599264158,0.8148175857617204,33.65695720829223,0.458303479630478,4.55131377829748
A,A_he_uniform_s0,he_uniform,0,1,93.83,True,80.42558686110576,8.400944820340342,36.94489884834925,-5.24258353397607,-0.2220415349181887,0.1481879351157869,0.10591816795807157,0.818665405874657,33.08378186219142,0.4551223520334687,4.55108681730339
A,A_he_uniform_s0,he_uniform,0,2,94.75,True,80.6044575835721,10.682239587179215,37.007828207694395,-5.242529758066826,-0.24871042413316924,0.18018525168084187,0.10599402595794231,0.821335118677687,32.999934702483635,0.45443423789361315,4.550762879370337
A,A_he_uniform_s0,he_uniform,0,3,95.66,True,80.78725436028513,12.382863640052435,37.06401674648824,-5.246412667822191,-0.2629908208640475,0.20088160621049891,0.1060924501586921,0.8234699973276347,32.710708190058114,0.4525548293143721,4.5504109251495075
A,A_he_uniform_s0,he_uniform,0,4,96.64,True,80.99641391729087,13.99042771256432,37.116615790660795,-5.246074719144343,-0.29148260041711577,0.21114361325887365,0.10621700376897936,0.8261040661901016,32.68328453862729,0.4521965598188563,4.550214592572457
A,A_he_uniform_s0,he_uniform,0,5,96.56,True,81.20010772216855,15.259571197889416,37.16496051385794,-5.2487408748823645,-0.3024254695004253,0.23333485301329188,0.10634295313867168,0.8260642920077582,32.25349262801108,0.4488851563059225,4.5499762975527265
A,A_he_uniform_s0,he_uniform,0,6,96.82,True,81.3828007471202,16.34216707568385,37.18980842206834,-5.261694804833564,-0.3339776706474534,0.26005121570897055,0.10646264388275666,0.82723792077463,32.11193405085728,0.4475235876396624,4.549691128820233
A,A_he_uniform_s0,he_uniform,0,7,96.52,True,81.59011802472189,17.411157099248996,37.23257363403486,-5.2681987528522365,-0.32000196585249074,0.2901601671561793,0.10661222025489478,0.8291656086374275,31.995078580017285,0.446381285925134,4.549490480075003
A,A_he_uniform_s0,he_uniform,0,8,96.73,True,81.81160746388423,18.539367436345934,37.255738031363364,-5.2642859784349945,-0.3587508751896252,0.301453133940244,0.1067512871526399,0.8307727506224184,31.657569020576382,0.4440852912151627,4.549032243263654
A,A_he_uniform_s0,he_uniform,0,9,97.08,True,82.04155012203802,19.624424263667525,37.2569136267813,-5.282003173961924,-0.38154320900006056,0.34003098506536633,0.1069021477854905,0.8317140672714012,31.370516736980445,0.4413428006371578,4.548514410609051
A,A_he_uniform_s0,he_uniform,0,10,96.83,True,82.26671382679766,20.664949048459036,37.268932371817364,-5.280853702450296,-0.3876450422466518,0.3533781146272071,0.10703332062043747,0.831506766148208,31.162014372038843,0.43980625152600655,4.548184305106426
A,A_he_uniform_s1,he_uniform,1,0,12.98,True,80.03605235305213,0.0,-24.88942661407787,-27.4421435615596,-0.21765832533749943,0.10058888253247532,0.10560682424560691,0.8158134608772607,33.63084211498717,0.4587094166058874,4.5515737446382705
A,A_he_uniform_s1,he_uniform,1,1,93.69,True,80.33903012491133,8.555785337966151,-24.976717146838705,-27.525467888171338,-0.3689553023957434,0.06998050517953061,0.10571294344622859,0.8190922992451368,33.10965915992178,0.4559706424812919,4.551560760802335
A,A_he_uniform_s1,he_uniform,1,2,94.82,True,80.53028091605238,10.805764335142376,-25.01423564664586,-27.571063432073053,-0.38664269742122903,0.06652580113190383,0.1057940814578471,0.8218055129737055,32.92442601379902,0.45480314412093015,4.551577026553408
A,A_he_uniform_s1,he_uniform,1,3,95.52,True,80.71397275334064,12.507880515181247,-25.03991555753414,-27.60920380967847,-0.44037895024930945,0.07212769374238284,0.10588366606675172,0.8243284642233429,32.85001888854863,0.4542240431154037,4.551387730583122
A,A_he_uniform_s1,he_uniform,1,4,96.25,True,80.92302913351668,14.007865922064727,-25.087105539938158,-27.64293374152817,-0.47754231968113553,0.13645521514866027,0.10600727082756264,0.8251240560059057,32.69173371333654,0.4528243607751892,4.551004573196074
A,A_he_uniform_s1,he_uniform,1,5,96.14,True,81.1002502366933,15.168420505863311,-25.10555492063796,-27.67040752158624,-0.5205958229437632,0.11685830882782955,0.10612028828841433,0.8266412269915828,32.46647412983404,0.45128825759687174,4.5507187898116594
A,A_he_uniform_s1,he_uniform,1,6,96.69,True,81.28873498002393,16.281790310526933,-25.12989585480014,-27.688608798215704,-0.5621062450232426,0.12467233025227702,0.10624419217849371,0.8274624020113592,32.24706925877202,0.4496996983654393,4.550454205348997
A,A_he_uniform_s1,he_uniform,1,7,96.79,True,81.48502874796597,17.37135398093404,-25.151460251306045,-27.707096374356254,-0.5629141597799361,0.13509501515255373,0.10636666960012683,0.828266550264031,32.1067400297662,0.44867599387912416,4.550271043742673
A,A_he_uniform_s1,he_uniform,1,8,97.1,True,81.69442388053379,18.5215471867698,-25.16912072133063,-27.715277907136432,-0.5769564639292499,0.1501822232355512,0.10648775269692465,0.8299325968562906,32.01410030651335,0.44791235851971983,4.550044577183927
A,A_he_uniform_s1,he_uniform,1,9,96.8,True,81.94677337236276,19.684154621276427,-25.188130005038182,-27.718611608980172,-0.5846438186231466,0.14791935004211632,0.106651835830956,0.8303510960159446,31.649851404003847,0.44527108413903643,4.54946589395765
A,A_he_uniform_s1,he_uniform,1,10,96.91,True,82.67612622052712,22.93882356189607,-25.193449327467988,-27.68809786833214,-0.6067526347930919,0.16553253021592593,0.10716869754983821,0.8352244325340756,30.396326055163563,0.43615196524516747,4.548218009412031
A,A_he_uniform_s2,he_uniform,2,0,9.54,True,80.1797012952739,0.0,-13.245690357429451,36.31974769430889,-0.21765832533749954,0.10058888253247508,0.10590849799247773,0.8153898114385871,33.93265300259366,0.4606760661328239,4.55250348495356
A,A_he_uniform_s2,he_uniform,2,1,92.06,True,80.47232578283871,8.278413797796281,-13.321392440465631,36.48449162241371,-0.21836309587714456,0.26801374299658426,0.10605166619919479,0.8174533807486501,33.476955176585946,0.4583398238859048,4.5522338983073825
A,A_he_uniform_s2,he_uniform,2,2,94.72,True,80.71479556374456,10.902113556784126,-13.355971316767468,36.573289125789174,-0.22447697769215175,0.3341945494821187,0.10620364945885039,0.8207553643269955,33.16444525471897,0.4565294955074658,4.551796026721764
A,A_he_uniform_s2,he_uniform,2,3,95.87,True,80.92720840563476,12.664755935624237,-13.373287730843122,36.64241449438864,-0.23585941023808973,0.34643349765005643,0.1063415584893428,0.822098174466597,33.01893014767283,0.4555640328947486,4.5516095447304785
A,A_he_uniform_s2,he_uniform,2,4,95.82,True,81.12887880441382,14.165404357573419,-13.394526265284167,36.695248837715724,-0.2240956650200041,0.40273041846647545,0.10646507577186913,0.8250375361190996,32.7178211910534,0.45369061796119686,4.551427735802119
A,A_he_uniform_s2,he_uniform,2,5,96.31,True,81.33259810657535,15.534748843624802,-13.41629717639416,36.72695521238098,-0.24046566955636764,0.4122707398626483,0.10657824457702315,0.8266355985506659,32.59403930104176,0.4528252256068092,4.55131428140273
A,A_he_uniform_s2,he_uniform,2,6,95.89,True,81.69722373204847,17.626376027073174,-13.426874325007768,36.77838602532933,-0.248865395011978,0.44827261656735184,0.10682455455989848,0.8302366361598335,32.181826766703644,0.44988574767040473,4.550912014456485
A,A_he_uniform_s2,he_uniform,2,7,96.92,True,81.95228327940077,18.876481760331625,-13.441832383867835,36.81810725201607,-0.24774645062114137,0.5231736803428808,0.10698872051482591,0.8321152367721003,31.823893902872477,0.4471111733390051,4.550473008231936
A,A_he_uniform_s2,he_uniform,2,8,96.67,True,82.13681342729299,19.739510850793042,-13.45735186728111,36.845221874732374,-0.23575097275860402,0.5260192270865344,0.10711043431616835,0.8327077262497814,31.669953843508843,0.44588694239526466,4.550315271444164
A,A_he_uniform_s2,he_uniform,2,9,96.96,True,82.30846696577623,20.512788398637603,-13.469961614304255,36.86457872628063,-0.26868122697329994,0.5527125776336936,0.10721529105354274,0.8327816277374575,31.51576842617921,0.4446814313495681,4.550046943636575
A,A_he_uniform_s2,he_uniform,2,10,97.24,True,82.47463390606227,21.22893135861139,-13.475581557365759,36.87583908940128,-0.2648343202144724,0.5810277587086954,0.10731641662194821,0.8325911414060349,31.34865222690341,0.44335422004556396,4.549918062389573
A,A_lognormal_he_scale_s0,lognormal_he_scale,0,0,8.04,True,80.0509440711842,0.0,-0.207898765475584,1.0781579515513173,-0.21765832533749918,0.1005888825324754,0.09881889424263718,0.9998536012924444,32.84764862190448,0.45130856663709285,4.549145399650948
A,A_lognormal_he_scale_s0,lognormal_he_scale,0,1,93.54,True,80.3609378036383,8.480860264198594,-0.21468090032563084,1.0934896139435126,-0.3408356156482819,-0.15344997675882716,0.09869316991873564,0.9639538944419083,32.339770796340524,0.4483485232402239,4.549165762353264
A,A_lognormal_he_scale_s0,lognormal_he_scale,0,2,95.27,True,80.56464544370951,10.73279029248735,-0.19765624503496326,1.0839210288393504,-0.4250488488698861,-0.252991831922665,0.09870407582115572,0.9474299823641196,32.182151729376024,0.4473653012067841,4.5489732420238544
A,A_lognormal_he_scale_s0,lognormal_he_scale,0,3,95.67,True,80.77124804840315,12.479571599073147,-0.2026942115347323,1.0843299719148034,-0.50099498218125,-0.3193281607956664,0.09874545958260107,0.9390849099863152,32.021415503518064,0.4462326907923566,4.548666881275441
A,A_lognormal_he_scale_s0,lognormal_he_scale,0,4,96.29,True,80.93526815256521,13.791309733496028,-0.21018293963334955,1.0840722945256238,-0.5244414762087797,-0.3614110715977445,0.09877377872142731,0.9349443962877115,31.97657240334339,0.44596440284552846,4.548432578044664
A,A_lognormal_he_scale_s0,lognormal_he_scale,0,5,96.97,True,81.1176475177174,14.925547275835163,-0.2161216257129254,1.086782759063556,-0.5744168597067356,-0.4140179446956547,0.09885783840333007,0.9295528759975057,31.87994510823057,0.44532262552610713,4.548092938051638
A,A_lognormal_he_scale_s0,lognormal_he_scale,0,6,96.44,True,81.29002386287719,16.02052580946585,-0.22689267784194378,1.0828034607406667,-0.5787862254694085,-0.47480980709442827,0.09892952187879422,0.9264570078267494,31.793338274637115,0.4445943838594798,4.547866244918202
A,A_lognormal_he_scale_s0,lognormal_he_scale,0,7,96.52,True,81.4911442091569,17.11195875040379,-0.22334106918828922,1.0801870502404591,-0.617206145138324,-0.5135310250642907,0.09902953330447307,0.9242763611114688,31.66895349231925,0.44369864208590154,4.547552836352491
A,A_lognormal_he_scale_s0,lognormal_he_scale,0,8,96.88,True,81.7061087019046,18.24867252646046,-0.22843117681642525,1.0741384265382017,-0.6565971858890668,-0.5457381276224584,0.09914642597369747,0.9199034984056588,31.50348680855952,0.44233500848176976,4.547317859611952
A,A_lognormal_he_scale_s0,lognormal_he_scale,0,9,96.84,True,81.87387336412436,19.073650572590676,-0.23239281330444603,1.0835361469861877,-0.6706964730809639,-0.5522013200684359,0.09923288361431956,0.9173409219120187,31.314775403583347,0.441061088543989,4.547147671904877
A,A_lognormal_he_scale_s0,lognormal_he_scale,0,10,96.69,True,82.4223929937186,21.613219564174763,-0.23063332418000274,1.0762192398625776,-0.6767875179047599,-0.5912971651603852,0.09953168861914981,0.9060917594151043,30.531327950081824,0.43551687969663483,4.546113081252898
A,A_lognormal_he_scale_s1,lognormal_he_scale,1,0,10.3,True,79.89241840110937,0.0,0.18569308050856503,0.4740797191873832,-0.2176583253374992,0.10058888253247521,0.09860610143483278,0.9998197096723136,32.89309077572679,0.4513657962790806,4.548562696503567
A,A_lognormal_he_scale_s1,lognormal_he_scale,1,1,93.76,True,80.20253420189971,8.32173046462695,0.1854046080869435,0.4729809268957575,0.04541705642360608,0.10366682001644394,0.09851348250328487,0.9662069697923297,32.320010769187995,0.4479068385806277,4.5487203969411
A,A_lognormal_he_scale_s1,lognormal_he_scale,1,2,94.41,True,80.42281767661636,10.724046184378826,0.19691662087749232,0.4616442312391046,0.1491376330761028,0.13098621365832466,0.09854409393317669,0.9505175559475827,32.169006564745686,0.4470710387629519,4.548715351729188
A,A_lognormal_he_scale_s1,lognormal_he_scale,1,3,95.83,True,80.62752933462987,12.370155589430663,0.19683795985283176,0.4697130130715917,0.198336530844626,0.16965985219466365,0.09860323808430632,0.9406891543219995,32.11579734546725,0.4467311849438445,4.548690782255113
A,A_lognormal_he_scale_s1,lognormal_he_scale,1,4,96.19,True,80.82160676101118,13.843951199320026,0.2002669435882794,0.4703501938457039,0.2453223112596923,0.1785979398029786,0.09866772664870631,0.9335722158875872,31.918219773552096,0.44541628776677666,4.548434905683832
A,A_lognormal_he_scale_s1,lognormal_he_scale,1,5,96.39,True,81.02606107310118,15.139905986880862,0.19647173978250163,0.4605701360591738,0.297437849505114,0.2084674150161623,0.0987574503432395,0.928169687145362,31.80834550864698,0.44470734645702986,4.548458220056618
A,A_lognormal_he_scale_s1,lognormal_he_scale,1,6,96.5,True,81.24282730242167,16.434527821352454,0.19714291778805068,0.46312079302278597,0.34046876789301517,0.23771867967200042,0.09887559310076247,0.9248306766577292,31.663519628000113,0.4436938030290918,4.54809892898341
A,A_lognormal_he_scale_s1,lognormal_he_scale,1,7,95.72,True,81.70145748889658,18.749683120099505,0.2002835228580045,0.4739582245721129,0.3771572318348722,0.2441824100968223,0.09910840798435516,0.9144611077138566,31.132737675188817,0.43988368430678043,4.5474494154213865
A,A_lognormal_he_scale_s1,lognormal_he_scale,1,8,96.73,True,82.1500260905933,21.001583594435708,0.19134985861392428,0.46798798456039664,0.4063373687918219,0.24581715476489652,0.09933763836622776,0.9074191183641631,30.26064420328152,0.433920302206623,4.546686385909637
A,A_lognormal_he_scale_s1,lognormal_he_scale,1,9,96.91,True,82.38522062574903,21.960620508086567,0.1895584392659788,0.4686124051106562,0.4678170109455644,0.2701066389287135,0.09949853248524511,0.9065937401857033,29.924624842617497,0.43171746139186823,4.546145487565277
A,A_lognormal_he_scale_s1,lognormal_he_scale,1,10,97.32,True,82.51487129138879,22.539622960723637,0.18876661663006583,0.46788901276561506,0.4576878009344879,0.29120865639584376,0.09956747244444651,0.9059538134234237,29.76164162064462,0.430653487437834,4.545840157683691
A,A_lognormal_he_scale_s2,lognormal_he_scale,2,0,11.16,True,80.29556530163394,0.0,-0.3666061620453952,0.41072054151334325,-0.21765832533750012,0.10058888253247504,0.09898097897608457,0.9998497729868757,32.68920081264519,0.4496249070639905,4.548005057801463
A,A_lognormal_he_scale_s2,lognormal_he_scale,2,1,91.63,True,80.56210737981135,8.173038434670282,-0.36748170674620384,0.4327143356090188,-0.2525418665899903,0.49933562648839264,0.09884746182797946,0.9662423588125433,32.365448489720336,0.44801471475134275,4.54812114109207
A,A_lognormal_he_scale_s2,lognormal_he_scale,2,2,95.13,True,80.79863933091713,10.799204127106949,-0.38180119809794166,0.45340938193190117,-0.3012535420662168,0.6442560516892594,0.09886832178198626,0.9492220452254159,32.14990766773389,0.44690941910186616,4.548205843574855
A,A_lognormal_he_scale_s2,lognormal_he_scale,2,3,96.04,True,80.99283960225247,12.513362724015764,-0.3857987228092219,0.4579118028209811,-0.31267551743082556,0.7716349152803028,0.0989223495704292,0.938066283685068,32.05056175867712,0.4463818376674528,4.5479357899273385
A,A_lognormal_he_scale_s2,lognormal_he_scale,2,4,96.58,True,81.21018531769165,14.02868152443405,-0.3929268965021503,0.45316659960920425,-0.3127781205603599,0.8739993880389538,0.09901375499153012,0.9372615799016805,31.90491742570759,0.44554426003092423,4.547849633971383
A,A_lognormal_he_scale_s2,lognormal_he_scale,2,5,96.38,True,81.41528899860049,15.37686197194144,-0.3928751908296342,0.4568379691158879,-0.34120096928665067,0.9462500235655195,0.09909915071281886,0.9298707539494532,31.696696588629923,0.4437440964504284,4.547350400102492
A,A_lognormal_he_scale_s2,lognormal_he_scale,2,6,97.07,True,81.64428894032645,16.608708514604885,-0.3881797001613873,0.46054648350438204,-0.35582872843015717,1.0772234368381546,0.09920985363326563,0.9270776691472958,31.538978997332062,0.44291702187842186,4.547133395260184
A,A_lognormal_he_scale_s2,lognormal_he_scale,2,7,96.89,True,81.84841489857196,17.643896766970578,-0.3931972381576211,0.4695784992833227,-0.39038514132054497,1.1422028028149298,0.09931646305867957,0.9211322822276959,31.382846071925993,0.4419150278334492,4.546819781242245
A,A_lognormal_he_scale_s2,lognormal_he_scale,2,8,97.12,True,82.03938638985565,18.553107050538006,-0.39765137177604537,0.47775571158186375,-0.3880666040627964,1.2048741607351139,0.0994285980631451,0.9189521012148479,31.18752985928772,0.44016475684587986,4.546527234185199
A,A_lognormal_he_scale_s2,lognormal_he_scale,2,9,97.18,True,82.23246542493895,19.464274470524423,-0.40080861333749535,0.47914336187431883,-0.4176561158137585,1.2180353157120953,0.09954979548636113,0.9202154588100591,31.02124117423764,0.4386076408326191,4.546196430126452
A,A_lognormal_he_scale_s2,lognormal_he_scale,2,10,97.0,True,82.42083744568563,20.30530751903493,-0.4007998134998703,0.48324051301637716,-0.4137117459417204,1.2665748207078464,0.09965919325185334,0.9153377805925935,30.808249522514128,0.43661607918976786,4.545840547112173
A,A_lognormal_jaynes_s0,lognormal_jaynes,0,0,8.04,True,42.734013071916806,0.0,-0.14470789519134952,0.6308618045478573,-0.21765832533749865,0.10058888253247947,0.04920262346263604,0.9998536012987037,32.84764853871588,0.45130856614913395,4.54914540009254
A,A_lognormal_jaynes_s0,lognormal_jaynes,0,1,67.49,True,44.45005730731304,11.480458295558858,-0.13341837801856737,0.6216912172428896,-1.8491958907895676,-5.46743568827036,0.05060702487126524,0.9229194830337261,18.702107437595263,0.3334964586295313,4.53825144583062
A,A_lognormal_jaynes_s0,lognormal_jaynes,0,2,75.49,True,45.668811780440784,15.559799708459868,-0.14330419279203646,0.6217395284754957,-3.0537523954991315,-9.388930152965566,0.05171753982880344,0.9162788276242134,16.133751130825054,0.31298287479236186,4.533384304918325
A,A_lognormal_jaynes_s0,lognormal_jaynes,0,3,83.68,True,46.75848609644579,18.486253613992552,-0.13282862662607609,0.6327089130418023,-3.8937583018777793,-12.173150407638719,0.05265382424470739,0.9152208229495802,14.717561489224904,0.29790958553410385,4.528933839269298
A,A_lognormal_jaynes_s0,lognormal_jaynes,0,4,92.86,True,47.85798519586076,21.032282141389352,-0.09378239898391182,0.6221051439806061,-4.71981139427679,-14.765949087946343,0.05362718014519803,0.9164142129799709,13.371660900387296,0.2831520893187552,4.5236849803021295
A,A_lognormal_jaynes_s0,lognormal_jaynes,0,5,91.2,True,48.72273135085506,22.88827311240271,-0.08453305911422346,0.621044179422597,-5.22453184638485,-16.490793506380882,0.05419322215468458,0.9157159667260721,12.5144937735543,0.2741100395632809,4.5204850617991585
A,A_lognormal_jaynes_s0,lognormal_jaynes,0,6,87.03,True,49.46524178364515,24.42650546521879,-0.06856032621653485,0.6143684294581953,-5.688683341517002,-17.85037512563642,0.05472123841866229,0.9150540854412905,12.175978307870881,0.2692463843651375,4.517591390037023
A,A_lognormal_jaynes_s0,lognormal_jaynes,0,7,74.65,True,50.023149643972985,25.51750907876151,-0.06797672824530887,0.6094009007978235,-5.872801417145817,-18.713025468799003,0.055131343840391075,0.9185245115636753,11.904315850114347,0.26581246358095856,4.515340434445476
A,A_lognormal_jaynes_s0,lognormal_jaynes,0,8,89.81,True,50.44893545675815,26.33354206199264,-0.055877580391032494,0.6118469037041618,-6.045632171153535,-19.316497730074467,0.05553120697442578,0.9180795772637965,11.919985422289935,0.26511672230301825,4.513363641051033
A,A_lognormal_jaynes_s0,lognormal_jaynes,0,9,92.96,True,50.87495650257034,27.119431440481435,-0.05124287852185742,0.6077122209829406,-6.213493683766815,-19.75226107694216,0.05589021556335881,0.9163698650261319,11.67500137914457,0.2619060485492375,4.5116592784904785
A,A_lognormal_jaynes_s0,lognormal_jaynes,0,10,79.19,True,51.447815247959795,28.189243033097085,-0.0610812385206341,0.6006757638692749,-6.286349601965825,-20.087066714632716,0.05629175052557148,0.9169963939703296,11.423699772426856,0.2583758650997717,4.509808399630362
A,A_lognormal_jaynes_s1,lognormal_jaynes,1,0,10.3,True,42.62482162220097,0.0,0.04964280711632069,0.32487514934964723,-0.21765832533749865,0.10058888253247947,0.04909335689095739,0.9998197096395013,32.89309075794319,0.45136579652309755,4.548562696561722
A,A_lognormal_jaynes_s1,lognormal_jaynes,1,1,53.52,True,44.20566077576277,11.084360915833724,0.055386287073365716,0.3188307149857363,6.031559145574055,-0.5917256547814472,0.050248073371637954,0.9227101147422581,20.665641066306723,0.3501255092298067,4.539782619251767
A,A_lognormal_jaynes_s1,lognormal_jaynes,1,2,80.83,True,45.45271309295762,15.216685591152983,0.05201158198586783,0.3190898677622552,10.534437516080704,-1.062758648336517,0.05127336408575799,0.9175481951687415,17.59953326285192,0.3249837450088773,4.533940356540733
A,A_lognormal_jaynes_s1,lognormal_jaynes,1,3,77.8,True,46.566671321148704,18.226669058727243,0.06404500689623677,0.32001156404558606,13.90465996271805,-1.347424571940255,0.05209719100186136,0.9169777594165697,16.695623109749658,0.31643276525586883,4.5290372550476246
A,A_lognormal_jaynes_s1,lognormal_jaynes,1,4,47.63,True,48.592845597198746,22.91190021672232,0.08360293731031267,0.33704489311934976,20.03078882749984,-1.8734438481217108,0.05393035239844936,0.9124955268253169,13.825063525311936,0.2831167256977698,4.519544383152779
A,A_lognormal_jaynes_s1,lognormal_jaynes,1,5,83.36,True,49.27362270797193,24.279374669565644,0.0927363327189732,0.35641471401722413,22.026387913484555,-2.0903127874214316,0.054528527556832754,0.9136650509362627,13.448881076007504,0.2800604935182767,4.516588170209174
A,A_lognormal_jaynes_s1,lognormal_jaynes,1,6,85.96,True,49.80510038586662,25.28250055703672,0.09850468073977736,0.3602659926618643,23.223687057584026,-2.196039133949887,0.05492246648094275,0.9133730118717325,12.988821051313856,0.27685518903006723,4.514300799887616
A,A_lognormal_jaynes_s1,lognormal_jaynes,1,7,87.9,True,50.34394167772546,26.309287284298662,0.09901940964854695,0.3757046335564224,24.237966533064593,-2.324181326445018,0.05531261984240628,0.9150846923860226,12.63754920456854,0.27335640537594014,4.512095784671717
A,A_lognormal_jaynes_s1,lognormal_jaynes,1,8,62.01,True,51.30970447103674,28.157138028539247,0.08730284437557774,0.3786499253797279,25.718971772735998,-2.4120576267252547,0.05602967058623554,0.9157959829324265,12.095580729940284,0.2669427938907075,4.508397515893357
A,A_lognormal_jaynes_s1,lognormal_jaynes,1,9,81.01,True,51.80903473372391,29.029511644854086,0.10377713821249053,0.3921363043432983,26.39826430495963,-2.4657813331122957,0.0565025801791535,0.9158695847137028,11.751609400355546,0.2635155942102967,4.5060589984440025
A,A_lognormal_jaynes_s1,lognormal_jaynes,1,10,85.04,True,52.3180548688637,29.87463487848173,0.11365631216625817,0.3988556550878589,26.785569775647712,-2.529302402335561,0.05695068652995226,0.9153387537012947,11.533970791642853,0.2610708053881549,4.504087883935478
A,A_lognormal_jaynes_s2,lognormal_jaynes,2,0,11.16,True,42.856520766111295,0.0,-0.2553788204122049,0.28453284158332975,-0.21765832533750276,0.10058888253247429,0.04928141341869659,0.9998497729628902,32.68920079083533,0.4496249069460618,4.548005057688052
A,A_lognormal_jaynes_s2,lognormal_jaynes,2,1,54.72,True,44.41676640576466,10.925261340818754,-0.24766727410343153,0.3176788215056596,-1.019476868825004,4.471512007157017,0.05068737699415175,0.9265641407572764,19.91861057548831,0.3415812978298073,4.53837397830385
A,A_lognormal_jaynes_s2,lognormal_jaynes,2,2,64.66,True,46.17126146630299,16.580902619056154,-0.27539585853338533,0.3265078771940978,-1.849636207546028,8.802777050854417,0.052097655419108366,0.9190983698596297,15.314611937827937,0.3013731448267099,4.5301056451569215
A,A_lognormal_jaynes_s2,lognormal_jaynes,2,3,79.0,True,46.98098178381077,18.619427232603503,-0.28579155770369824,0.3359842188567068,-2.211090906876872,10.633441097860503,0.052868763804549315,0.9181559580928413,14.216106104282543,0.29060046570819487,4.526082298558338
A,A_lognormal_jaynes_s2,lognormal_jaynes,2,4,84.06,True,47.68128235781492,20.34143202754791,-0.29462970224734036,0.3323536947319546,-2.4742232621314475,12.072671249702873,0.05348531576949,0.9184632931795785,13.177477111877472,0.2802958566116549,4.5232267316062655
A,A_lognormal_jaynes_s2,lognormal_jaynes,2,5,74.13,True,48.46651274503316,22.121467135926963,-0.30704492170765024,0.31696609439574625,-2.6514479526354826,13.42904338390153,0.05406694508572867,0.9166257325175591,12.267462666727393,0.2703744957579539,4.51972869211603
A,A_lognormal_jaynes_s2,lognormal_jaynes,2,6,90.01,True,49.34100866564663,23.97436767505571,-0.29953666592987843,0.2989522845757396,-2.8780317570593437,14.908812131214477,0.05477377652101702,0.9170833444742671,12.013215089872604,0.26676416065289554,4.5165278689774695
A,A_lognormal_jaynes_s2,lognormal_jaynes,2,7,91.47,True,50.03850356414035,25.365475456306207,-0.2971959005252981,0.2900263673706592,-3.0938698107272233,15.791944535728977,0.05541476132579775,0.9179580709334635,11.95663618790469,0.2654587263635293,4.513597515172458
A,A_lognormal_jaynes_s2,lognormal_jaynes,2,8,91.2,True,50.553374508003884,26.366189806526517,-0.2796466877246213,0.2901693028378272,-3.2246013917339176,16.39242193300707,0.055768352951171475,0.9174816863504621,11.722145911091115,0.2634950069308031,4.51193577398074
A,A_lognormal_jaynes_s2,lognormal_jaynes,2,9,88.35,True,51.286726606925285,27.695033440900943,-0.29855798304800685,0.2916080651585425,-3.3648639940831457,17.004608264686894,0.05627989518997075,0.9179249407449256,11.18961626527841,0.25765889823259885,4.508919383924509
A,A_lognormal_jaynes_s2,lognormal_jaynes,2,10,73.41,True,52.07285551369872,29.111996315167747,-0.2802689595011723,0.2886883491040246,-3.402507651872025,17.334843489748263,0.056856694353112434,0.9192044334157459,10.931600609903152,0.2539574343074159,4.505894246523851
A,A_orthogonal_s0,orthogonal,0,0,9.59,True,56.65686221210395,0.0,-33.65911671122265,5.532336682565265,-0.21765832533749857,0.10058888253247346,0.0690653245529991,0.8941612620855627,123.46141518378941,0.9999995160244673,4.753974668076307
A,A_orthogonal_s0,orthogonal,0,1,75.58,True,57.98607110090446,11.1918489706285,-34.17372128741943,5.637609205093576,-0.6514931241455841,0.17041542422880931,0.07066334157941521,0.8968338260054648,38.80094736253419,0.5611294689192101,4.745611815412331
A,A_orthogonal_s0,orthogonal,0,2,69.51,True,59.04692948805542,15.845030375480773,-34.42985491079569,5.681203539233053,-1.0324638778262107,0.33907208348670415,0.07187155684764011,0.8960661394662439,30.992208736360354,0.49987517201121506,4.7375938700271
A,A_orthogonal_s0,orthogonal,0,3,94.14,True,59.82230955429814,18.327212626811534,-34.6419962782241,5.748411005304815,-1.2646751914871646,0.4108890472405884,0.07275221533351886,0.8973845907934389,28.073398045130315,0.4761682475147514,4.732662001544481
A,A_orthogonal_s0,orthogonal,0,4,95.12,True,60.286258457986044,19.817168918391047,-34.74062271949673,5.756140342294762,-1.3895794822222698,0.4806255447257933,0.07327358139739254,0.8980856897165186,26.684047211023902,0.4623650154414615,4.729328322593922
A,A_orthogonal_s0,orthogonal,0,5,96.01,True,60.51853624281621,20.49524793689725,-34.777124546412125,5.764326164815881,-1.445509596606942,0.5049810964951196,0.0735178306238873,0.898734973825981,26.280693319624525,0.45777906904928656,4.727821450469225
A,A_orthogonal_s0,orthogonal,0,6,95.63,True,60.77265031952519,21.23525803004888,-34.81436069653947,5.769872306338996,-1.5075607938443878,0.5120856542231629,0.0737566863823649,0.8982227148973144,25.752277503813406,0.452411856459705,4.726211787124997
A,A_orthogonal_s0,orthogonal,0,7,95.91,True,61.02496418231314,21.931868419902496,-34.85478606108616,5.779325941767236,-1.5554884726528584,0.5354370716842546,0.07397307499414388,0.8975572051633741,25.517657844394403,0.44948731111396234,4.724701029520908
A,A_orthogonal_s0,orthogonal,0,8,95.08,True,62.06470793968555,24.839869786469393,-34.910591492638815,5.766854726534981,-1.7619907038482934,0.6376832018484088,0.075015770938209,0.8977499975340988,22.61249033212912,0.4208646646416583,4.717310672806201
A,A_orthogonal_s0,orthogonal,0,9,96.07,True,62.3078293077045,25.46180773613459,-34.91761562373533,5.770924572293426,-1.800028706267318,0.6380634548580612,0.07523410669057712,0.8986333180664201,22.46688270189477,0.4188835119393857,4.715760515617074
A,A_orthogonal_s0,orthogonal,0,10,96.15,True,62.580730836040594,26.129090181819855,-34.946348959180774,5.778691892900473,-1.7899963990265086,0.6518041086396994,0.0754553118178273,0.8989486480269224,22.25235361865918,0.4163900713972421,4.714176933464427
A,A_orthogonal_s1,orthogonal,1,0,11.35,True,56.65686253565428,0.0,22.330470820223535,25.786966820471378,-0.2176583253374985,0.10058888253247351,0.06901726272498482,0.8959745812476003,123.46141431714433,0.9999995119992747,4.753974668076307
A,A_orthogonal_s1,orthogonal,1,1,75.73,True,57.923650600451786,10.93857990321025,22.70279856080153,26.148279281112842,-0.6123541107153797,0.07485087824162724,0.07061082603363611,0.8967484955360288,39.95823278699273,0.5659116190089716,4.745946698355341
A,A_orthogonal_s1,orthogonal,1,2,88.25,True,58.92094896052505,15.337436058083538,22.879202989672628,26.329456930619592,-0.9112349343518705,0.10455535107880617,0.07172779642971186,0.8967747774556253,32.23971284087829,0.5091125562706884,4.738920718251601
A,A_orthogonal_s1,orthogonal,1,3,94.63,True,59.397442492595104,17.0170418701377,22.977068610106457,26.41597685579597,-1.0631512663543485,0.12052019817222882,0.07223926068929579,0.8975417170483967,30.040561848610427,0.4911051166445798,4.735751517708644
A,A_orthogonal_s1,orthogonal,1,4,93.71,True,60.1476849966602,19.667806388731336,23.02938730290642,26.489909280667227,-1.2721737205311647,0.1656457757951463,0.07316186156638146,0.897776017442657,26.913948425555116,0.46261617926628235,4.729848483058254
A,A_orthogonal_s1,orthogonal,1,5,95.37,True,60.975527665152406,21.997327993824943,23.121093340431315,26.613483550145695,-1.4221579130822426,0.19225397598415606,0.07402968203342507,0.8997840994375015,25.683440805700215,0.45124693750586914,4.724668184234152
A,A_orthogonal_s1,orthogonal,1,6,96.44,True,61.327625048208795,22.93186336972138,23.149220102119877,26.65656947559183,-1.4746320572277882,0.20240736782390026,0.07434075066800983,0.8994125346550658,25.17100213836557,0.44580883710574687,4.722524596543694
A,A_orthogonal_s1,orthogonal,1,7,96.77,True,61.57808647581391,23.575040581432408,23.170433754532645,26.674505335822023,-1.525663205531579,0.22472939481176252,0.07454729589421233,0.9001503167988686,24.88063428330929,0.4427789665880201,4.721128501041172
A,A_orthogonal_s1,orthogonal,1,8,95.99,True,61.887546247214964,24.33862919938466,23.195400587616795,26.70280224531147,-1.5787309904604494,0.22194790476360093,0.07480840117509141,0.8999408393618086,24.60267426866542,0.4398541090462357,4.719368909658647
A,A_orthogonal_s1,orthogonal,1,9,96.65,True,62.53852248837685,26.019759289549587,23.208476486350545,26.740083745875058,-1.6211244175361494,0.24138789872409522,0.07546257479572278,0.9000083066313979,22.928260788265593,0.42414229228459305,4.714971826774677
A,A_orthogonal_s1,orthogonal,1,10,96.27,True,63.38642727241627,28.043749535454474,23.229757199059378,26.76461879616699,-1.6553727467310813,0.22624134025754603,0.07636471897569011,0.899279803026785,21.33407425278073,0.4059834162301724,4.709136022189726
A,A_orthogonal_s2,orthogonal,2,0,9.4,True,56.656862152465656,0.0,11.884141985191004,-32.78479011344293,-0.21765832533749888,0.10058888253247521,0.06901965298628374,0.8950451123142522,123.46141394383497,0.9999995110717834,4.753974668076307
A,A_orthogonal_s2,orthogonal,2,1,73.15,True,57.88672639113179,11.221802877700929,12.069539462522968,-33.23507798445398,-0.7852625798809809,0.33350318147507185,0.07044623780739102,0.8966296835572231,37.71608799413407,0.5533761519379069,4.745842350265648
A,A_orthogonal_s2,orthogonal,2,2,92.36,True,58.830533507754694,15.317971847205454,12.196158133971165,-33.48583872889894,-1.1920581019963232,0.4969179989687779,0.0715703814602798,0.8965137711985188,30.72661925010248,0.498988514150966,4.739175413454327
A,A_orthogonal_s2,orthogonal,2,3,94.18,True,59.26912037350592,16.925687133298965,12.24088284335402,-33.57581981279518,-1.413548060965336,0.5382532040442148,0.07200919998176884,0.8977582055860146,29.133854302799275,0.4855499122123952,4.736359588351752
A,A_orthogonal_s2,orthogonal,2,4,95.88,True,59.66751319824093,18.2713486702078,12.271411375324657,-33.64632508044456,-1.54654535432559,0.5665895594193942,0.07238034147772544,0.898227814189349,28.046389501193897,0.47574742011075,4.733797610645032
A,A_orthogonal_s2,orthogonal,2,5,94.76,True,60.56040380725696,21.120859346152052,12.310094051060311,-33.782856801819186,-1.8241223303680894,0.685558812144215,0.07336372191302719,0.8986879336791489,25.420651141972225,0.4505282719072599,4.727170064762193
A,A_orthogonal_s2,orthogonal,2,6,95.74,True,60.91534925922579,22.103516168460683,12.334070726712456,-33.839573348393365,-1.9099725289807943,0.7057756535319588,0.07368709160980982,0.8992191649369049,24.742417644753992,0.44383905416692804,4.724952511898275
A,A_orthogonal_s2,orthogonal,2,7,95.09,True,61.497129247694645,23.846120273989843,12.34881112117082,-33.85708874216455,-2.0070576075003013,0.7866892874656369,0.07433788197744859,0.8981013110071356,23.26331914935063,0.42806543397777336,4.720516983110214
A,A_orthogonal_s2,orthogonal,2,8,93.83,True,62.44302666296246,26.34778547475415,12.394366965712525,-33.90941180554237,-2.154490715348868,0.7866379930466179,0.07534464825344439,0.9001069855421115,21.738960135757832,0.41208342209365295,4.714100289488973
A,A_orthogonal_s2,orthogonal,2,9,92.13,True,63.132578358782425,27.946271423491922,12.392429424120166,-33.97423440221853,-2.2586874061102513,0.8554760770147549,0.07596780187861243,0.9010489221344878,21.144090188353843,0.403746591696802,4.7099502764825685
A,A_orthogonal_s2,orthogonal,2,10,90.51,True,63.93141756783752,29.69966919209455,12.387845250326949,-34.022479979037584,-2.3448801480882597,0.9085515282319074,0.0767034572760541,0.9014561035753579,20.07106142497655,0.3912209302024759,4.7051479626162225
A,A_pytorch_default_s0,pytorch_default,0,0,9.8,False,32.854979955792786,0.0,-0.13956474196556923,0.26489840175746626,-0.21765832533749893,0.10058888253247505,0.04323620061597971,0.8143461368115256,33.495451208696494,0.457585094531896,4.5513966288478125
A,A_pytorch_default_s0,pytorch_default,0,1,11.35,False,32.869757548055325,1.7347874177090026,-0.13794436402708687,0.2634984196411122,-0.21363430969218208,0.11132213239406814,0.043220799782210675,0.815547850333943,33.481057997142614,0.45747147356441575,4.551158975718975
A,A_pytorch_default_s0,pytorch_default,0,2,11.35,False,32.87797419286319,2.1318993100792087,-0.13850414874455041,0.26347864142544297,-0.21288483051432036,0.11448094644267907,0.04321455170708847,0.816538070160105,33.23586018023674,0.45574760273799486,4.55106124371631
A,A_pytorch_default_s0,pytorch_default,0,3,11.35,False,32.88326570600936,2.3218928113639827,-0.1390440124302932,0.2638418445057159,-0.21202305409560596,0.12126976789033299,0.04320461423771065,0.8163557855529558,33.064470620125455,0.4542898484238061,4.5509025737437545
A,A_pytorch_default_s0,pytorch_default,0,4,11.35,False,32.88628274033308,2.40913282622375,-0.13828154148510907,0.2627678552712405,-0.21111889843077672,0.11820364642721316,0.04319873892621629,0.8169357726162982,32.866716715006135,0.4521029264669817,4.550793409877904
A,A_pytorch_default_s0,pytorch_default,0,5,11.35,False,32.89260588929651,2.5409579596228706,-0.13711029352898485,0.2617345075261468,-0.2090966007493447,0.11521345664485015,0.04319214064790569,0.8171510979624248,32.73674802424122,0.45133533690417954,4.550760259829107
A,A_pytorch_default_s0,pytorch_default,0,6,11.35,False,32.91000231029944,2.83503198558356,-0.1349534862910038,0.26372023650167536,-0.2068366686775824,0.11556061947587902,0.04319203441505188,0.8172040678634828,32.193886593781095,0.4469183318795935,4.550504649761288
A,A_pytorch_default_s0,pytorch_default,0,7,11.35,False,32.90889380408371,2.8698003639270686,-0.1346976724137263,0.26371755021703025,-0.20747675674578123,0.11768109636211194,0.043186137400249854,0.817360200279382,32.16193393541124,0.44621600263354816,4.550451821355774
A,A_pytorch_default_s0,pytorch_default,0,8,11.35,False,32.909606354703634,2.9058105127782583,-0.13505561522738,0.2632406034994365,-0.20686048591938894,0.11840779599666114,0.04318207791607613,0.8179643779201089,32.065345538620264,0.44507372125999045,4.550395482358344
A,A_pytorch_default_s0,pytorch_default,0,9,11.35,False,32.90876557173299,2.9223327549697062,-0.13393896411030987,0.26310826492583045,-0.20604796585739296,0.11838266015123886,0.043174946124488314,0.8174345628653261,32.045168523490986,0.44446101919278225,4.550363362775832
A,A_pytorch_default_s0,pytorch_default,0,10,11.35,False,32.90823180963728,2.936893135275398,-0.1341872699256689,0.2628768822604248,-0.20599793794607274,0.11870390216728971,0.04317024740792774,0.8180754793746919,32.020405877295055,0.444199828675717,4.550352550741005
A,A_pytorch_default_s1,pytorch_default,1,0,10.1,False,32.80736315645237,0.0,-0.04009508116552445,0.1693951332862182,-0.2176583253374995,0.10058888253247525,0.043083597965812036,0.8158067849774161,33.83540754894588,0.4598713693343114,4.550733830912841
A,A_pytorch_default_s1,pytorch_default,1,1,11.35,False,32.828191494779034,1.9602215755512649,-0.04321921131982093,0.17002991018562771,-0.2119997640543591,0.10581747762745446,0.04308854245486969,0.8184914743739559,33.741566192377114,0.4582217641889446,4.55065247024318
A,A_pytorch_default_s1,pytorch_default,1,2,11.35,False,32.8319915486117,2.1299126738339473,-0.04382452792711402,0.16861873121542914,-0.21021755415787857,0.10975959207744833,0.04309190631931969,0.8180099172138077,33.62437452136618,0.45629434555279097,4.550526986048496
A,A_pytorch_default_s1,pytorch_default,1,3,11.35,False,32.83625718102311,2.3043268298971893,-0.043749364414429295,0.17103368351179007,-0.20644112336134848,0.11327117374336125,0.0430887133995358,0.8177753024436191,33.337163799062175,0.4535824137751794,4.550347285310601
A,A_pytorch_default_s1,pytorch_default,1,4,11.35,False,32.83932323951427,2.4147391294827667,-0.045031396749043065,0.17094880140371183,-0.20430961591744165,0.1167226178569592,0.04308229832248311,0.8192468779589428,33.181508957856266,0.45182292169102867,4.550253739824169
A,A_pytorch_default_s1,pytorch_default,1,5,11.35,False,32.839790189249186,2.4926315508042167,-0.04377552710700201,0.17147019420980966,-0.20302165373149936,0.11965599750819567,0.043080661593248824,0.8184499915969956,33.03637672777447,0.4503136430033472,4.550177540916019
A,A_pytorch_default_s1,pytorch_default,1,6,11.35,False,32.84253077214547,2.555199620695427,-0.044187434684143746,0.1711425856334386,-0.20405365616590693,0.12095640882537238,0.04307890743585669,0.8185368353098432,32.94270191765921,0.4495051389032652,4.5501368470221495
A,A_pytorch_default_s1,pytorch_default,1,7,11.35,False,32.84941205216376,2.713254441109316,-0.045056169496884714,0.17144971450596289,-0.20376674325989075,0.1245825483704485,0.0430812352505556,0.8192327682886872,32.649032772481206,0.44701532383805126,4.550005701684097
A,A_pytorch_default_s1,pytorch_default,1,8,11.35,False,32.91235526706459,3.5990374901440165,-0.054029498058502504,0.17184997597081764,-0.20667114721046126,0.1254223404441269,0.0431206722199334,0.820801803193254,31.773125988136027,0.4406588409023863,4.549544459270834
A,A_pytorch_default_s1,pytorch_default,1,9,11.35,False,32.939143599876836,3.927725192286124,-0.054524425537389364,0.17280023721391255,-0.202185395904323,0.128421080375742,0.043144335511551536,0.8208344037657671,31.25037744580553,0.4360752185105389,4.549245270090633
A,A_pytorch_default_s1,pytorch_default,1,10,11.35,False,32.93635254244361,3.9368371582913775,-0.05343408365245386,0.17307726001773377,-0.20313402541596062,0.1284228296828611,0.04313828984016825,0.8212091032918913,31.219141922598325,0.43590011727365285,4.549281685261755
A,A_pytorch_default_s2,pytorch_default,2,0,10.28,False,32.882653500392074,0.0,-0.21356355215048653,0.10574335865594708,-0.21765832533749951,0.10058888253247522,0.04329281906460788,0.8150955159672566,33.224924229443836,0.4559929333770008,4.551147018663369
A,A_pytorch_default_s2,pytorch_default,2,1,11.35,False,32.902657499742546,1.9246425994630394,-0.21266883837384715,0.10967153308823128,-0.22713750550103046,0.11448469898425497,0.04328032329885779,0.8158911894651969,33.05235916849594,0.45465090367904915,4.5508065793051395
A,A_pytorch_default_s2,pytorch_default,2,2,11.35,False,32.91117566243039,2.207411764339346,-0.21023184372007972,0.111547055841493,-0.2251018698387251,0.12298343201134766,0.043272314701216175,0.8168918425286323,32.78060372660905,0.45266366229267374,4.550725374886867
A,A_pytorch_default_s2,pytorch_default,2,3,11.35,False,32.91601780049913,2.4068823487313264,-0.20969322233664434,0.11127761015020533,-0.228534102115488,0.12541487999587717,0.04326187497076929,0.8177087781680582,32.59487261708346,0.45130522442677645,4.5506999100053624
A,A_pytorch_default_s2,pytorch_default,2,4,11.35,False,32.927843065292315,2.608097600032757,-0.21115791361472033,0.11166982937938144,-0.22507737605809028,0.13118964780200654,0.04325791936583491,0.8173321378358204,32.41197099535603,0.448900406053954,4.550601586589379
A,A_pytorch_default_s2,pytorch_default,2,5,11.35,False,32.93012007266015,2.750027195874281,-0.21220572010232475,0.11465425592774674,-0.22794152705802725,0.13460693292743503,0.04325433427567504,0.819261754823812,32.18973506277024,0.4458804721332775,4.5504402672649995
A,A_pytorch_default_s2,pytorch_default,2,6,11.35,False,32.930371081363184,2.7819342529622544,-0.21254890042488336,0.11372214148251357,-0.22827603072939365,0.13459433370685905,0.04324553963445444,0.8187071366484839,32.10310720512442,0.44538234853104613,4.55040965132327
A,A_pytorch_default_s2,pytorch_default,2,7,11.35,False,32.93078872176611,2.8312172303836256,-0.21262116650779905,0.1154534366484055,-0.22726688161997238,0.13462652336503692,0.04323679866647217,0.8187394448948803,32.016125377165835,0.44468315210355414,4.55041329727173
A,A_pytorch_default_s2,pytorch_default,2,8,11.35,False,32.930662476431024,2.8530198181486295,-0.21253157647484552,0.11563357646591607,-0.22705527491926275,0.1352632498228142,0.043225822276490994,0.8186001317143639,31.95292502253121,0.4442180391946931,4.550409013577391
A,A_pytorch_default_s2,pytorch_default,2,9,11.35,False,32.93048928085722,2.872314852322601,-0.21232674199614368,0.1158875176392905,-0.22791768162008358,0.13587760087266568,0.04322496566318071,0.8193622722206062,31.90741992916116,0.442800251458259,4.550309921952194
A,A_pytorch_default_s2,pytorch_default,2,10,11.35,False,32.931291505863626,2.897735604916779,-0.2118258962190059,0.1160949547008192,-0.2274423639137261,0.13665758095073047,0.04321883987743988,0.8196361380921109,31.851273534979704,0.4423698511351438,4.550299260148133
A,A_xavier_normal_s0,xavier_normal,0,0,10.31,True,57.50709080269126,0.0,-43.44843356239818,6.926418302869406,-0.2176583253374991,0.1005888825324754,0.07018411295986146,0.8964412198352444,33.17753881530096,0.45487050666918144,4.550720536478408
A,A_xavier_normal_s0,xavier_normal,0,1,84.86,True,58.66465863608536,10.974973978728563,-44.041058002056204,7.004889620079302,-0.7716394088816404,0.0494690629617729,0.07154138966274178,0.8953552749870249,30.01525899798593,0.4307483525086359,4.547730305151827
A,A_xavier_normal_s0,xavier_normal,0,2,92.89,True,59.583823052769716,14.973447212115426,-44.3685338339318,7.064681475300353,-1.1158387070870048,0.0839320184422968,0.07251212490278587,0.8947848634324641,27.42250603626665,0.41397786728559155,4.545260944639069
A,A_xavier_normal_s0,xavier_normal,0,3,94.31,True,59.97901219437089,16.43707001909519,-44.487602182411095,7.0746178779328135,-1.2406393907020181,0.13422645326815025,0.07294963931777856,0.8945925914073048,26.398301938709174,0.40559090140543747,4.544321508947732
A,A_xavier_normal_s0,xavier_normal,0,4,75.78,True,60.68596133911546,19.022205693438554,-44.63199584582879,7.066592763326253,-1.5090014916128958,0.1643127866481752,0.07371371428338583,0.896955946066017,24.127691996453343,0.3876834159413756,4.542706096551549
A,A_xavier_normal_s0,xavier_normal,0,5,95.02,True,61.43293337953198,21.247326517188977,-44.798809044627625,7.121132266033596,-1.6609972630836916,0.19462345577523246,0.07448050722882837,0.8972323620668944,22.93817602226037,0.3779861719951037,4.5407772570152805
A,A_xavier_normal_s0,xavier_normal,0,6,95.64,True,61.58202184054621,21.682849217364137,-44.83057623531823,7.118223289155537,-1.7065127032624743,0.1682386027768501,0.0746344967211217,0.8975977578238118,22.71779842630122,0.376075421042964,4.540440686728788
A,A_xavier_normal_s0,xavier_normal,0,7,96.38,True,61.7736765571182,22.219862379903613,-44.86416071641744,7.123822423276196,-1.7307472315848906,0.14853473711640255,0.07479254424928247,0.8982816090167925,22.540126397034534,0.37458574509671033,4.539987927640327
A,A_xavier_normal_s0,xavier_normal,0,8,96.44,True,62.00225437782526,22.807745363866058,-44.90220529326418,7.131683983095802,-1.7574880274841977,0.19638861548894962,0.07500469280100218,0.8980315519181119,22.266735001370268,0.3721609316757177,4.539417767147855
A,A_xavier_normal_s0,xavier_normal,0,9,95.07,True,62.59909841368042,24.459733205343884,-44.92342019089538,7.139318064340769,-1.8168354469287071,0.23088027273408096,0.07567391071942753,0.8990690628020174,21.54914177075714,0.36527570433302964,4.537754564821681
A,A_xavier_normal_s0,xavier_normal,0,10,96.48,True,62.87721368011418,25.14740062082204,-44.95586866274736,7.1430558074113115,-1.8587531372066737,0.2578347718372397,0.0759588045194287,0.8989038342852982,21.184357061490946,0.3618268151774924,4.536938773358298
A,A_xavier_normal_s1,xavier_normal,1,0,9.22,True,57.49525012965961,0.0,28.79251772169109,33.10243115271192,-0.2176583253374992,0.10058888253247514,0.07020138660665363,0.8978374535510745,33.215618319807625,0.45498916725850336,4.5508117860815895
A,A_xavier_normal_s1,xavier_normal,1,1,84.7,True,58.81670645770063,11.645201804781774,29.22680037893033,33.5734183258167,-0.6099119172167146,0.13370951524982205,0.07174159265200124,0.8976786247745493,28.12140487083962,0.4176062721327972,4.547486672134235
A,A_xavier_normal_s1,xavier_normal,1,2,92.59,True,59.5175454974691,14.626061754650701,29.399543586151452,33.77301742826654,-0.8045912086128238,0.1830392628815292,0.0724950916895509,0.8966738164284269,26.180623583090874,0.40367645583598794,4.545736524076632
A,A_xavier_normal_s1,xavier_normal,1,3,94.59,True,59.93910328645606,16.24533260726976,29.485129294535096,33.87001610786526,-0.9074299104597087,0.2125463703796899,0.07291303702082681,0.8980565330471537,25.724714878302606,0.40008455434299467,4.5449412160346245
A,A_xavier_normal_s1,xavier_normal,1,4,96.09,True,60.25750059481144,17.415404810442197,29.53105852909757,33.93294941417239,-0.9573964205772185,0.2606530991613258,0.07322981257885972,0.8984424016248099,25.235445842731345,0.39627057233239554,4.544116531178212
A,A_xavier_normal_s1,xavier_normal,1,5,96.22,True,60.56231620002351,18.41819418912015,29.582273915767637,33.99070219206979,-0.9903310101104831,0.3038926864437207,0.07353465958988506,0.8975914747987663,24.68241673017072,0.39096500447286614,4.54338904613863
A,A_xavier_normal_s1,xavier_normal,1,6,93.99,True,61.702489282418576,22.10364675013921,29.670557178616722,34.1179298289343,-1.2410813744258724,0.25353100560573355,0.07481156865747121,0.8973478550722832,22.086273463560776,0.36812268311631274,4.539604867287469
A,A_xavier_normal_s1,xavier_normal,1,7,96.43,True,61.975646418011046,22.838410478690868,29.70834882810804,34.163179620469556,-1.2890067446622304,0.29127832782987806,0.0750803694889526,0.8976379351174606,21.807684395762184,0.3654905200481852,4.5387226482149385
A,A_xavier_normal_s1,xavier_normal,1,8,96.67,True,62.172440189985586,23.3608487281289,29.722970372918336,34.192857927452465,-1.288068200310362,0.2994190361240139,0.07524716686878309,0.8981548641209637,21.716730286186323,0.364616137789655,4.538345514107816
A,A_xavier_normal_s1,xavier_normal,1,9,96.35,True,62.36798893058433,23.869791564221245,29.740730182804977,34.215407804292894,-1.3337083181056075,0.32920661510562393,0.07542617807032606,0.8990799344761963,21.656393693999387,0.3638685166136416,4.53805142386888
A,A_xavier_normal_s1,xavier_normal,1,10,96.8,True,62.57929078106455,24.396768344578668,29.75915326746969,34.23796176798354,-1.3498257664654985,0.3111196484365219,0.07559499311266904,0.8991567879570306,21.444258817204226,0.36199496038352164,4.537551315731462
A,A_xavier_normal_s2,xavier_normal,2,0,11.25,True,57.61036322406465,0.0,15.386329879273609,-42.49421882330032,-0.2176583253374992,0.10058888253247525,0.07038354397722972,0.8977892878211347,33.327443896854085,0.45618334348830936,4.550617106513151
A,A_xavier_normal_s2,xavier_normal,2,1,89.61,True,58.936732733770164,11.53898909494923,15.618322116698605,-43.138228203310085,-0.6924119880666298,-0.1708969061728171,0.07189589577096701,0.8975314693061728,29.352604702186376,0.42831833861796803,4.547040515480375
A,A_xavier_normal_s2,xavier_normal,2,2,94.13,True,59.66525540799299,14.831584611849907,15.705995903420048,-43.395276943785404,-0.8875608166878981,-0.2843133631932443,0.0726878443731349,0.8952237406621621,28.13436264773724,0.41961431024942364,4.545628966805115
A,A_xavier_normal_s2,xavier_normal,2,3,95.1,True,60.092067192000385,16.426161829632992,15.750216215348694,-43.52758453468978,-1.0020368778691577,-0.33561655369713805,0.07310537991379315,0.8972754321991722,27.43698463956002,0.4143070166791182,4.544578221595438
A,A_xavier_normal_s2,xavier_normal,2,4,93.72,True,61.044557595935174,19.8768044702225,15.833925827900279,-43.74092406472437,-1.2746192926974182,-0.4530790118236782,0.07412305960050317,0.8954025723269906,24.501954228239093,0.39080952193963103,4.541865954667704
A,A_xavier_normal_s2,xavier_normal,2,5,94.7,True,61.408978955752325,20.971168984744022,15.859956000176581,-43.82933453713203,-1.3388178330691574,-0.5213470695046885,0.07443954277450983,0.896183212743507,24.093245456095254,0.38824049966870816,4.541149183362244
A,A_xavier_normal_s2,xavier_normal,2,6,95.59,True,61.622162408378685,21.571846998106267,15.870750357684779,-43.871698504313024,-1.3954023253709789,-0.5267782876578309,0.07461790304834165,0.8962796994635992,23.828969760758262,0.38629085542666036,4.5406887823572735
A,A_xavier_normal_s2,xavier_normal,2,7,96.46,True,61.83746166190149,22.184921181371966,15.882402525541943,-43.90361487385125,-1.4019991784428014,-0.5268932047215797,0.07481303904390318,0.8962718892193284,23.637367756014463,0.3846185510839176,4.540161851120945
A,A_xavier_normal_s2,xavier_normal,2,8,96.93,True,62.087618866771166,22.843344422014695,15.897144641623651,-43.94548178766961,-1.4729019603859392,-0.5496428913276731,0.07503161763755693,0.896824304773446,23.326017877268434,0.382007271835601,4.539652929276091
A,A_xavier_normal_s2,xavier_normal,2,9,97.0,True,62.318220961162396,23.43074517572091,15.911224683243544,-43.98956823005836,-1.4938097399963102,-0.5587535581172178,0.07522080065038907,0.8971449597640968,23.12657728286399,0.3803302912475822,4.539143769773474
A,A_xavier_normal_s2,xavier_normal,2,10,97.03,True,62.54855889928066,24.021617452436345,15.921993156098074,-44.02181819726424,-1.5315501008573325,-0.5721132574846457,0.07541239851483433,0.8975563625353267,22.994253040569017,0.3790596843245219,4.538707448093707
B,B_he_normal_s0,he_normal,0,0,9.6,True,48.23372836621788,0.0,-31.386850002595292,18.981070311452584,-0.002735312018363993,0.03514362036318975,0.0937734221095864,0.896357293217487,33.91716548501793,0.498603522784603,4.419324134420613
B,B_he_normal_s0,he_normal,0,1,95.22,True,48.570992517421566,6.286909709842858,-31.742966223681247,19.200933421215243,-0.32557356286213845,0.20911899367793504,0.09423957957801599,0.8933674023970255,32.78310798837573,0.4919361528800418,4.419064873487435
B,B_he_normal_s0,he_normal,0,2,96.5,True,48.820458293293235,8.235149179880652,-31.905747116044836,19.29659805766683,-0.43382054031427714,0.34106253849809626,0.09454145605145185,0.8941676935187541,32.35050289080188,0.4885840038357917,4.418596472916009
B,B_he_normal_s0,he_normal,0,3,96.81,True,49.07146652513873,9.743466348719423,-32.033706790777835,19.377997761667974,-0.5166335855166398,0.4200543232373701,0.09488467378416034,0.8961549200815677,32.08375020517347,0.4864426427233354,4.41809301594864
B,B_he_normal_s0,he_normal,0,4,96.65,True,49.34127069868234,11.032658622111718,-32.15612939682479,19.443740222079043,-0.6032432432904969,0.47412066154739124,0.09528495177231165,0.8952227610201859,32.010511999254234,0.485700772580502,4.417639471797409
B,B_he_normal_s0,he_normal,0,5,96.93,True,49.626638742853686,12.21929311734154,-32.26154949176637,19.51303046472345,-0.6830016377599162,0.5435569109742047,0.09567960461261346,0.8973863257131912,31.75805186091109,0.4837597765920294,4.416914081304608
B,B_he_normal_s0,he_normal,0,6,97.12,True,49.89290496788305,13.279224225766313,-32.347453906768635,19.565279379081414,-0.7026650176571346,0.5901187100463113,0.09603088943938817,0.8977709601017482,31.445556510427743,0.48094675033977685,4.4162893210401855
B,B_he_normal_s0,he_normal,0,7,97.3,True,50.16816281916243,14.256385037497278,-32.43172818767866,19.613565461631744,-0.7902743819158122,0.6364794440969156,0.09636952751328001,0.8985194014703378,31.211340394487973,0.4790343727384041,4.41567774635181
B,B_he_normal_s0,he_normal,0,8,97.08,True,50.425701952940884,15.102660797017265,-32.5026851870008,19.64639151431461,-0.7923638513648938,0.6506006902790932,0.09670695267909822,0.8958613720970103,30.890718431586443,0.4769764834998826,4.415229730495087
B,B_he_normal_s0,he_normal,0,9,97.25,True,50.70085964221451,16.010340681026157,-32.559282487584994,19.69213841403372,-0.8434708522248415,0.6670543581558983,0.09703475626372604,0.8969047272865824,30.577213188166503,0.4746609858324319,4.414501571236032
B,B_he_normal_s0,he_normal,0,10,97.51,True,50.955831731245425,16.798971436560553,-32.61045837332738,19.70932795522071,-0.8858665832870862,0.7004306309305426,0.09736078434844961,0.8985091181258926,30.388926718814254,0.47293560515861194,4.413786344392563
B,B_he_normal_s1,he_normal,1,0,13.77,True,48.21571833844218,0.0,32.92693974543562,16.763956764353384,-0.002735312018367367,0.03514362036319117,0.09376762534701717,0.8971243613594815,34.10843288314052,0.49989594820487887,4.418662669678871
B,B_he_normal_s1,he_normal,1,1,95.12,True,48.49485928785378,6.270112865424807,33.3253178389901,16.963698736917284,0.9740480543859563,-2.7507611574980415,0.09413391198452929,0.8935700966296153,33.074480406185174,0.4943055300745122,4.418634736168522
B,B_he_normal_s1,he_normal,1,2,95.91,True,48.72712729815541,8.152577264520279,33.50377650526633,17.064248402567863,1.395352072533334,-4.004557012799821,0.09447856779944475,0.8976370533220223,32.712327792276675,0.4922807548135621,4.418312195832895
B,B_he_normal_s1,he_normal,1,3,96.83,True,48.944654552820154,9.605070065508311,33.61949565819968,17.12930825618045,1.7315719260751978,-4.9499930718610905,0.09475353636469425,0.8980683460347503,32.199007332300354,0.48895579699200614,4.418512398988039
B,B_he_normal_s1,he_normal,1,4,96.43,True,49.205112904211475,10.864150329027517,33.75638581592638,17.201970000108233,1.9953563046210714,-5.792917999502781,0.09513788801789977,0.8932798483826726,31.66320132681425,0.4842632441212154,4.418172900833365
B,B_he_normal_s1,he_normal,1,5,97.23,True,49.44369198671875,11.910724493120586,33.85937865205274,17.262062911742255,2.2084962322902495,-6.443825569918818,0.09544212489533359,0.8949545718605559,31.42816763425883,0.48248849554708356,4.417773422085493
B,B_he_normal_s1,he_normal,1,6,97.16,True,49.695591197476865,12.902178037076055,33.94746279570477,17.318831896514457,2.3955144891396576,-7.001371487381764,0.09577428079617303,0.896459164253001,31.092194682483637,0.47956985485724885,4.417045232651513
B,B_he_normal_s1,he_normal,1,7,96.89,True,49.98085368032756,13.927018213719712,34.054572777050616,17.368058753951647,2.595814905457211,-7.556352522497266,0.09615593837707778,0.8956760515525728,30.642024918550515,0.4762129308042004,4.416632980975492
B,B_he_normal_s1,he_normal,1,8,97.31,True,50.23410784225938,14.790861934289746,34.12268702189955,17.42349140170653,2.7469696347579227,-8.022280621859066,0.09649676377918825,0.8940041792852632,30.42564936609573,0.47469406084781535,4.416076437638178
B,B_he_normal_s1,he_normal,1,9,97.28,True,50.48438875971591,15.601220917229528,34.19176633904252,17.451461978123174,2.8683737394325877,-8.412315466737489,0.09679165322503865,0.8956809695365093,29.982249853859095,0.4718518986436381,4.41559259203305
B,B_he_normal_s1,he_normal,1,10,97.24,True,50.72493481469263,16.32474500204472,34.25393942879237,17.465458512305975,2.93652820365462,-8.725398866153801,0.09713943193001637,0.8977471154860058,29.899938730852845,0.471272806479234,4.415094077210406
B,B_he_normal_s2,he_normal,2,0,10.3,True,48.2848829981903,0.0,-1.206521543471741,-37.6062411498402,-0.002735312018364507,0.03514362036319212,0.09407742325478538,0.895799368430424,33.86504443529642,0.4988646243278674,4.419163983918979
B,B_he_normal_s2,he_normal,2,1,94.78,True,48.617640316498736,6.299016335172983,-1.2479659590989665,-38.01301065635503,0.3526366482421031,0.6847721330322482,0.09453902318943871,0.8962695142666339,32.354698438576335,0.49129927353233194,4.419035183920746
B,B_he_normal_s2,he_normal,2,2,96.17,True,48.8562766169969,8.362590242935596,-1.2669935249014102,-38.18702853236901,0.5250275042314901,0.9697188965743792,0.09482995815995529,0.8977580458518893,31.797444361410232,0.4879149203860971,4.418381268363057
B,B_he_normal_s2,he_normal,2,3,96.83,True,49.127942365823436,9.947793607904968,-1.2733887053076984,-38.35153868770362,0.624894903241303,1.2008782117828918,0.09524893051953906,0.8942120420636439,31.45614520081667,0.48575036455140097,4.418192632045545
B,B_he_normal_s2,he_normal,2,4,97.01,True,49.393195626499825,11.289304816314,-1.2859259948791217,-38.47731581785806,0.7235088158833533,1.3947796387876297,0.09563995582243914,0.8932086430576487,31.442216530498246,0.48565035934289086,4.417940094349801
B,B_he_normal_s2,he_normal,2,5,97.11,True,49.63116619161694,12.368671992760552,-1.288263243735651,-38.57536601348422,0.7575024429744345,1.5531083881294536,0.09594638353398653,0.8973655615375925,31.071587691357223,0.4825530053179582,4.4172341636213766
B,B_he_normal_s2,he_normal,2,6,97.1,True,49.899595181024274,13.383000811979848,-1.2892784668900215,-38.6816154392023,0.8370428408444188,1.7178699018651993,0.09631485575007147,0.8955984819203744,30.733672329827293,0.48000209412140427,4.4168225750861465
B,B_he_normal_s2,he_normal,2,7,97.44,True,50.15477173943628,14.335164911582135,-1.30185054488542,-38.75845981149223,0.8618423629397757,1.808988853155985,0.09663400244294641,0.8970499336713373,30.43092541169954,0.4775670237296161,4.41654082224652
B,B_he_normal_s2,he_normal,2,8,96.87,True,50.41667714108745,15.240494269649398,-1.3080908192639855,-38.83267346573713,0.9026262516397696,1.9261574135451203,0.0969867190877449,0.8992838358394749,30.2035087463924,0.4754058890690434,4.415950218485671
B,B_he_normal_s2,he_normal,2,9,97.55,True,50.72964146190347,16.18675161225709,-1.312889717465566,-38.91572952216376,0.938607569454683,2.0001069377810214,0.09744248150450291,0.8977503075940809,29.587015112598966,0.4712085514850791,4.415640289715801
B,B_he_normal_s2,he_normal,2,10,97.38,True,50.974578542438,16.93927759162696,-1.3281491860968542,-38.9629414618946,0.943611275685567,2.097612543307974,0.09776844824814725,0.8965873141854745,29.348669479778493,0.4692779587602793,4.415068659854983
B,B_he_uniform_s0,he_uniform,0,0,9.44,True,48.2256828758379,0.0,18.77534117072321,-11.522673051720405,-0.0027353120183643007,0.03514362036319137,0.10195787251197623,0.8134969010815591,34.43458792225876,0.5014801337161131,4.418199503475389
B,B_he_uniform_s0,he_uniform,0,1,95.01,True,48.52975114588009,6.288156431310116,18.93371814920279,-11.632260619945416,0.25847506788747276,-0.1746318528232418,0.10217041753165604,0.8245020361159423,33.050806712095216,0.4940990901080342,4.418582047709327
B,B_he_uniform_s0,he_uniform,0,2,95.33,True,48.742896751064585,8.196245517341275,19.00764739658589,-11.680944725913339,0.36344255639788337,-0.24656792147596582,0.10235427238108626,0.8247594876147277,32.91401849985379,0.4930867372117276,4.41829643321803
B,B_he_uniform_s0,he_uniform,0,3,96.51,True,48.98158130136243,9.649814723199304,19.067044152424284,-11.727088412174625,0.4288495032186136,-0.3046408883290942,0.10257400147245983,0.824930204571427,32.50913670710828,0.49016704729448735,4.418534748730204
B,B_he_uniform_s0,he_uniform,0,4,97.11,True,49.222338128090264,10.906961507594266,19.142619416341226,-11.75869065409602,0.4855013835618577,-0.381810913078225,0.10281639161728487,0.8316083026373761,32.21552394775517,0.48647514416300536,4.418281810144327
B,B_he_uniform_s0,he_uniform,0,5,96.38,True,49.486751380993375,12.105420492056824,19.190950703858046,-11.796687773258855,0.5619021960727518,-0.4319801264821249,0.10307540669048043,0.8314428553947604,31.751577960760955,0.4829694233838186,4.417994656897709
B,B_he_uniform_s0,he_uniform,0,6,96.68,True,49.708423849688046,12.993853714354895,19.242645025458714,-11.820780764340727,0.603965912528272,-0.4771691890148632,0.10331305518680649,0.8343894092453293,31.32642321105804,0.47997232772224285,4.417876349383713
B,B_he_uniform_s0,he_uniform,0,7,97.16,True,50.00679122484807,14.05530995200179,19.309585556608177,-11.833384617546471,0.6386097849643898,-0.5267905221296227,0.10364873591505464,0.8298553634789372,31.211524568576124,0.47898778998601543,4.417212245237527
B,B_he_uniform_s0,he_uniform,0,8,96.97,True,50.25315806898967,14.889481374380804,19.335554417124968,-11.862650575610513,0.6940474610142976,-0.557678186493602,0.10390875302998619,0.837627463310544,30.96421259126323,0.47630243367217995,4.416822831182516
B,B_he_uniform_s0,he_uniform,0,9,97.37,True,50.51985210808923,15.749028401896446,19.360466803905673,-11.88539749283695,0.7252767066169394,-0.5827773115993817,0.10419105988001667,0.8388897015641639,30.675615562899928,0.47392777119373913,4.416184456789293
B,B_he_uniform_s0,he_uniform,0,10,97.62,True,50.77167461217669,16.564009167300288,19.379422766594672,-11.894618813727487,0.746970866423862,-0.5903629536289143,0.10439642326286311,0.8394908895944179,30.233674410741678,0.47029574364714855,4.415420920485369
B,B_he_uniform_s1,he_uniform,1,0,11.54,True,48.167200825300455,0.0,-19.79883804213868,-9.548354184387431,-0.0027353120183644226,0.035143620363191325,0.10180106576004444,0.8156200100113773,34.23328504646631,0.5019368855018714,4.419495797266839
B,B_he_uniform_s1,he_uniform,1,1,94.54,True,48.48265699817788,6.388993539669593,-19.961415236023797,-9.626911041039206,-0.17155239528054328,0.024793212217979,0.10201077405541967,0.8164914333747507,33.09621458228291,0.4950230233790031,4.419010511438814
B,B_he_uniform_s1,he_uniform,1,2,95.83,True,48.71008971327773,8.249328488682599,-20.04486643886315,-9.65499696396266,-0.19999855069526196,0.023129701817885193,0.10223009406045765,0.8237081536475926,32.2795022951334,0.48856542453472185,4.41877886589059
B,B_he_uniform_s1,he_uniform,1,3,96.1,True,48.95194468770605,9.685868371967938,-20.10472441673024,-9.691769882280314,-0.2507551159724976,0.0062076245340765245,0.10249618087499106,0.8273307157711043,31.96950929943055,0.4863520301148224,4.4183452450660905
B,B_he_uniform_s1,he_uniform,1,4,96.84,True,49.20112232475058,10.982295235047378,-20.16247559312668,-9.7116521250514,-0.3245443269912965,0.002814184136182118,0.10273418230906599,0.8281235805417883,31.46995249828427,0.48257437922613083,4.418027368991112
B,B_he_uniform_s1,he_uniform,1,5,97.33,True,49.48303785731796,12.191461868595137,-20.234921014169554,-9.740283361116566,-0.34869683747285884,-0.007462559313838273,0.10302750012267067,0.8337042689097934,31.205469648312373,0.48029914882948593,4.4174433561581505
B,B_he_uniform_s1,he_uniform,1,6,96.94,True,49.74836572557484,13.189680605909519,-20.287260901814612,-9.770844020107381,-0.3831864377419279,0.01824020458161923,0.10333616257418299,0.8326583171196766,30.87222938089925,0.4775371059668661,4.416839181300711
B,B_he_uniform_s1,he_uniform,1,7,97.43,True,49.996801897384444,14.098211556022058,-20.331405902898116,-9.808073625084903,-0.4155789593668791,0.006160445737133167,0.10356535366934985,0.8348068480315781,30.626866198642507,0.474993613798807,4.416287871176221
B,B_he_uniform_s1,he_uniform,1,8,97.43,True,50.240200253397404,14.923756679211444,-20.37780690861101,-9.818598784656082,-0.456262427597516,-0.0013633183660319772,0.1037922557361672,0.8369011519908318,30.275234307203743,0.4720922486995076,4.4158864417921135
B,B_he_uniform_s1,he_uniform,1,9,97.47,True,50.51342143778064,15.800931096171102,-20.407585354609466,-9.84532987133434,-0.48184370560220086,0.03650427026870423,0.10405488110563772,0.8360814280645996,29.87112861166681,0.46907973405883885,4.415574478957382
B,B_he_uniform_s1,he_uniform,1,10,97.13,True,50.775289887662716,16.638144613725732,-20.424041694559165,-9.852275971571695,-0.48203456930690985,0.058941131477679126,0.10429484035786278,0.8389049478660546,29.407479285647327,0.46523298421034226,4.414924779146012
B,B_he_uniform_s2,he_uniform,2,0,11.63,True,48.282923974828336,0.0,0.3840755632058822,22.74126294786921,-0.002735312018364233,0.03514362036319123,0.10196264761605436,0.8161697322220414,33.81031617904547,0.4979095882404165,4.419501853093005
B,B_he_uniform_s2,he_uniform,2,1,95.05,True,48.61595310301947,6.48867323925847,0.4135930320169454,22.940860003095672,0.19470489280124695,-0.06134194556262614,0.10220041123449411,0.8182448781267728,33.22814642802834,0.4958749308960151,4.419662821249386
B,B_he_uniform_s2,he_uniform,2,2,95.93,True,48.85290813127933,8.410019215095023,0.42421186973420166,23.030291523239654,0.30250330960967947,-0.11444794672754004,0.10238419147305038,0.8237411889773835,33.039959846755686,0.4954591085661047,4.419656754544183
B,B_he_uniform_s2,he_uniform,2,3,96.59,True,49.08153602059441,9.788637951953302,0.42473619744565394,23.11105246829056,0.3920390044369039,-0.15674596450585043,0.10261147021332465,0.8253552262426049,32.68876733718075,0.4921908934869278,4.4192216674472595
B,B_he_uniform_s2,he_uniform,2,4,96.76,True,49.33129496852962,11.041215119370793,0.43589640062346385,23.175539647547755,0.4624078054794299,-0.18890532878244776,0.10285229837012458,0.8324150614772234,32.475641369946516,0.4898398340890869,4.418818047734892
B,B_he_uniform_s2,he_uniform,2,5,96.97,True,49.57632569385597,12.143724993765256,0.440910655838288,23.237599071140302,0.5197278267122145,-0.21446933725629552,0.10310242384961059,0.8307470603386748,31.88805321884837,0.48479185467838154,4.41811311197733
B,B_he_uniform_s2,he_uniform,2,6,96.95,True,49.84272163869456,13.151262120801048,0.45555698973451253,23.29083488869042,0.5468716686714783,-0.2429988111314199,0.10340282976920093,0.8368092974094093,31.603202429455614,0.4825805098172694,4.417925950587545
B,B_he_uniform_s2,he_uniform,2,7,97.27,True,50.1363952111229,14.153160236997799,0.45635619218441403,23.350891767531266,0.5769785593888355,-0.2529694066797793,0.10374327818526863,0.839793169742624,31.150867559266267,0.47907420427054587,4.417670089705243
B,B_he_uniform_s2,he_uniform,2,8,97.2,True,50.387857867843614,15.018782154810788,0.46116440736594855,23.394394074075713,0.5655686133442658,-0.2624395542567307,0.10398080862001127,0.8416166866187066,31.002146820708333,0.4773648145863545,4.417194878892916
B,B_he_uniform_s2,he_uniform,2,9,97.32,True,50.678494820676555,15.93650894138132,0.4623230288473877,23.436736589972785,0.6297960971550743,-0.30814554537141775,0.10429754489572556,0.8430137060462126,30.46353167869963,0.4726315999868865,4.4168443212846284
B,B_he_uniform_s2,he_uniform,2,10,97.13,True,50.91048830933006,16.61794958689557,0.4633083242512028,23.476176978405313,0.6541594662273928,-0.3244466244530894,0.1045164865163953,0.842106027761481,30.24070963674015,0.4705662556056926,4.4165413683596135
B,B_lognormal_he_scale_s0,lognormal_he_scale,0,0,9.93,True,48.05890790633095,0.0,-0.285137661506883,0.2812215016994842,-0.002735312018363383,0.03514362036319157,0.09512861789534457,0.9998527702313689,33.682567674281906,0.49664309687759367,4.418368364436278
B,B_lognormal_he_scale_s0,lognormal_he_scale,0,1,95.06,True,48.39011597006531,6.351770871569884,-0.2790515499220613,0.27647587171471355,-2.4661271121278485,-0.5649168654159005,0.09512376833795878,0.9531754063087388,32.80959824926733,0.49194783721437413,4.417989385641439
B,B_lognormal_he_scale_s0,lognormal_he_scale,0,2,95.31,True,48.62440399814558,8.275857286691725,-0.28129786639926574,0.2704648603737251,-3.5440793530037236,-0.8145889081124041,0.09518580255201906,0.9393819687701812,32.22060562906479,0.48864326157904864,4.417944840476803
B,B_lognormal_he_scale_s0,lognormal_he_scale,0,3,96.67,True,48.88409855508447,9.84496468755355,-0.26823188623291205,0.26904942530044124,-4.406048860022181,-1.041717630846288,0.0953894852367475,0.926844634486991,31.805460597096918,0.4844449859995324,4.417506127950139
B,B_lognormal_he_scale_s0,lognormal_he_scale,0,4,96.83,True,49.179456632164246,11.222043253031,-0.26458191579196844,0.2626350608153925,-5.130331134612455,-1.2417951802970695,0.09567228213782775,0.9174470182853518,31.37350467695934,0.47986214331788224,4.4167728124109935
B,B_lognormal_he_scale_s0,lognormal_he_scale,0,5,96.5,True,49.44346340273129,12.326318415436397,-0.27161975249348586,0.25702325265179266,-5.7132158571584535,-1.384082877131916,0.0959117883148522,0.9174074411834597,31.06136914400152,0.47749652840899304,4.416406418105678
B,B_lognormal_he_scale_s0,lognormal_he_scale,0,6,97.31,True,49.736652379451876,13.432787638802031,-0.26876987687004544,0.2672267664746143,-6.25763013827199,-1.5410863622214377,0.09614202875200949,0.909035748055676,30.63054714279851,0.47415375698653967,4.415952948128032
B,B_lognormal_he_scale_s0,lognormal_he_scale,0,7,97.01,True,50.013113221568354,14.431328787087448,-0.26077768322949846,0.2573618422106285,-6.70962747026728,-1.670951859766867,0.09641589624524519,0.9105034981339613,30.561911770274612,0.4734185714705312,4.415246954169264
B,B_lognormal_he_scale_s0,lognormal_he_scale,0,8,97.22,True,50.27318538161548,15.281348355095309,-0.26459121019848053,0.2556037606447443,-7.09685359273924,-1.7505590973715475,0.09670198359999063,0.9123984115505474,30.362565916291487,0.471798904550218,4.415079410450917
B,B_lognormal_he_scale_s0,lognormal_he_scale,0,9,97.23,True,50.535614577961546,16.119793720874608,-0.2725278895229256,0.25364187592134985,-7.429842636909835,-1.8426962808547716,0.0969668354965286,0.9128037308378631,30.086802631130457,0.46914503310111166,4.414355223035124
B,B_lognormal_he_scale_s0,lognormal_he_scale,0,10,97.29,True,50.77644284918623,16.815963972363193,-0.2729268457709456,0.25784409595026553,-7.667033612544751,-1.9372868723429322,0.09716700896094131,0.9088282146267502,29.702819985815076,0.46610228499783773,4.413649364910741
B,B_lognormal_he_scale_s1,lognormal_he_scale,1,0,8.34,True,48.200669100575524,0.0,-0.2097516659025679,0.2675677351173137,-0.002735312018363389,0.03514362036319153,0.09525110531372416,0.9997639493757935,32.69161805291096,0.48641258457388553,4.417223349434808
B,B_lognormal_he_scale_s1,lognormal_he_scale,1,1,94.32,True,48.49438330124599,6.210257887190298,-0.1866578836539137,0.27060331217749695,1.1632771552015715,0.11907944197534827,0.09515382624698748,0.958103314480911,31.71972478914242,0.4815889565020213,4.417414132275962
B,B_lognormal_he_scale_s1,lognormal_he_scale,1,2,96.37,True,48.720208249446706,8.070726628823124,-0.17663171710481657,0.25878047480317246,1.6830537674966195,0.1468088344521141,0.09516988157307797,0.9409980153375127,31.33406872872441,0.47962902961056636,4.417329983695393
B,B_lognormal_he_scale_s1,lognormal_he_scale,1,3,96.29,True,48.94818550260594,9.518644656223843,-0.1702365883171049,0.2703958849376282,2.0632003111517827,0.17110637806679174,0.09527885123119996,0.9311162221004748,31.309633723378642,0.47924414087232015,4.416912022480582
B,B_lognormal_he_scale_s1,lognormal_he_scale,1,4,95.91,True,49.18344738942051,10.813666862623887,-0.1736288175349776,0.2694572459760929,2.3946303656209724,0.19246187521500083,0.09539815838886315,0.9176695001633369,30.909003119417967,0.4768809173113012,4.416644552767691
B,B_lognormal_he_scale_s1,lognormal_he_scale,1,5,96.94,True,49.4382350977013,11.9164946583859,-0.16102287128306045,0.283298735851152,2.698044775220151,0.21341795417575377,0.09561709955257566,0.9150223601231733,30.631784561220066,0.4750677147641337,4.416371820627849
B,B_lognormal_he_scale_s1,lognormal_he_scale,1,6,97.12,True,49.70405115667386,12.910523152567487,-0.15424133354779737,0.2713203964578856,2.9270607821031893,0.24449016374595173,0.09587450296905257,0.911507799374802,30.43351898140433,0.4734151821626333,4.416009170373789
B,B_lognormal_he_scale_s1,lognormal_he_scale,1,7,97.12,True,49.96798403540053,13.893275519733582,-0.16699184734342493,0.27933503253969766,3.1020849444653495,0.2486648330211178,0.09611931801555236,0.9079994634864829,30.0693539436918,0.47038898858978734,4.415597104077089
B,B_lognormal_he_scale_s1,lognormal_he_scale,1,8,97.58,True,50.23819965487577,14.778015405989061,-0.162640593615786,0.265848478020458,3.31325176079992,0.22709889455737034,0.09639632615842861,0.9042369562942613,29.798652430878697,0.46815256150033085,4.415019801214903
B,B_lognormal_he_scale_s1,lognormal_he_scale,1,9,97.37,True,50.48412752989021,15.595973712957132,-0.15903809694580878,0.2706112882222309,3.462893679214834,0.26711655722945005,0.09665084139901134,0.9073585296684777,29.701198610165658,0.46714831041445065,4.4147318854463675
B,B_lognormal_he_scale_s1,lognormal_he_scale,1,10,97.28,True,50.757973386578705,16.463557740677235,-0.15500282842384724,0.2630368208476889,3.5861357376958454,0.23534832265277164,0.0969214004519154,0.9062805046947673,29.2926480384021,0.4642453277381259,4.414233582824872
B,B_lognormal_he_scale_s2,lognormal_he_scale,2,0,10.44,True,48.24515624702445,0.0,0.2376634986471314,0.6436419750496046,-0.002735312018364626,0.03514362036319095,0.0949871977461843,0.9997091577885857,33.223928911998584,0.4931136162879207,4.41785925705191
B,B_lognormal_he_scale_s2,lognormal_he_scale,2,1,94.79,True,48.554405681594325,6.2592835429774,0.2501849129186409,0.67092391145668,-0.08589137097105239,1.3339005600766223,0.09495055063583127,0.9542166132266171,32.27686295854355,0.4882982949354335,4.417439118013727
B,B_lognormal_he_scale_s2,lognormal_he_scale,2,2,96.42,True,48.79479188446553,8.200375244956952,0.25481177186213927,0.6843773129653133,-0.120108462349388,1.9072580889205915,0.09499193863572788,0.9367360552860193,31.816024712711204,0.48605475571624607,4.417346882998098
B,B_lognormal_he_scale_s2,lognormal_he_scale,2,3,96.44,True,49.04553915494987,9.701636086276524,0.26160952039056556,0.6867992720263008,-0.16466535283651365,2.352792892966153,0.0951623013039964,0.9286793983339837,31.58150891180032,0.4847857042908176,4.417023941402354
B,B_lognormal_he_scale_s2,lognormal_he_scale,2,4,96.79,True,49.297786176122266,10.995160904334305,0.26771773909142776,0.6951630043706154,-0.20631124267970474,2.7292775511144223,0.09543151046495783,0.9221697275996089,31.474022020509334,0.48342281337272724,4.41662036542694
B,B_lognormal_he_scale_s2,lognormal_he_scale,2,5,97.22,True,49.54768568402789,12.103876413265082,0.2686158444398723,0.7000074499691339,-0.20191320286503775,3.0392020456702937,0.09561623167430167,0.9181026614309239,30.78857435851132,0.47879354506523153,4.416378333177503
B,B_lognormal_he_scale_s2,lognormal_he_scale,2,6,96.98,True,49.824786934559604,13.18538830388802,0.27457654826069056,0.7171920180219916,-0.20413261081505601,3.303234546616009,0.09590069401661624,0.9144973690503292,30.43727856324798,0.47630187529708135,4.415988763157123
B,B_lognormal_he_scale_s2,lognormal_he_scale,2,7,97.5,True,50.09981379613582,14.142968570328113,0.2636375375802441,0.7176560402006433,-0.25312178756784276,3.5539094824740514,0.0962020972391379,0.9126333652218429,30.202864051614796,0.4739920910742196,4.415440399217521
B,B_lognormal_he_scale_s2,lognormal_he_scale,2,8,97.39,True,50.35951877161715,15.016048295784277,0.2582369235730876,0.7223133671348303,-0.2720949544315961,3.770420762067029,0.09645404713121496,0.9125051260633272,29.822286557581258,0.4713063756173524,4.414734441769216
B,B_lognormal_he_scale_s2,lognormal_he_scale,2,9,97.26,True,50.62102770762389,15.829861284936019,0.2646302442678574,0.7331920918542161,-0.30400431947118817,3.9150773149312017,0.0966951344273004,0.9097027048276116,29.643714403508504,0.4698108443628343,4.414470933478398
B,B_lognormal_he_scale_s2,lognormal_he_scale,2,10,97.23,True,50.916913799262254,16.76251820252613,0.28377784067699,0.7425046475647389,-0.28581017379530543,4.057360428527741,0.09695335247226738,0.9058021498711604,29.13719733422057,0.46560864771533705,4.413747399470855
B,B_lognormal_jaynes_s0,lognormal_jaynes,0,0,9.93,True,29.257308633830586,0.0,-0.16059108723462762,0.1638386297284319,-0.0027353120183627746,0.03514362036319126,0.0492023956831134,0.9998527702258018,33.68256768184608,0.49664309761650394,4.418368364560446
B,B_lognormal_jaynes_s0,lognormal_jaynes,0,1,93.0,True,30.79940228249739,8.500413380394175,-0.17937863020619843,0.17469057058744047,-5.165462578994841,-0.9054447636595617,0.05136444425154833,0.9057872959904885,24.566618503092027,0.43082337851261876,4.407399774782695
B,B_lognormal_jaynes_s0,lognormal_jaynes,0,2,95.7,True,31.373519316700577,10.323187625440408,-0.2019099879313093,0.17512903751639972,-7.130325898915274,-1.2703857127512836,0.052250610186571754,0.9069598149137897,22.687032154678313,0.4140107038881869,4.403611971372249
B,B_lognormal_jaynes_s0,lognormal_jaynes,0,3,95.88,True,31.89947633136714,11.782648594672503,-0.1984362882358636,0.1836412518202747,-8.603867463271419,-1.5987298937429546,0.052998584515963267,0.908326138281294,21.35921570621717,0.40208996135518627,4.399573101446019
B,B_lognormal_jaynes_s0,lognormal_jaynes,0,4,96.51,True,32.339487826222275,12.887784056450174,-0.1990155068627121,0.1766690540119227,-9.66492812912065,-1.7934014708193855,0.05358915133838306,0.9050620478839108,20.67551027692411,0.39500952162751557,4.396595669102121
B,B_lognormal_jaynes_s0,lognormal_jaynes,0,5,96.78,True,32.82452263664037,14.01485050105801,-0.20941698705890724,0.17601870107598064,-10.668296047251236,-1.9981262378554665,0.054238309126651674,0.905339110059748,19.942183225637173,0.38771446953880856,4.393156575059992
B,B_lognormal_jaynes_s0,lognormal_jaynes,0,6,97.14,True,33.24935561338366,14.945203074519089,-0.1929649707633979,0.17135147350158514,-11.444325055115844,-2.151000353764964,0.05476106105812596,0.9046339334240283,19.35424015528131,0.38137941710635576,4.390820004592404
B,B_lognormal_jaynes_s0,lognormal_jaynes,0,7,97.26,True,33.68108743945574,15.834431713041054,-0.19406388166563884,0.1668843844624554,-12.120504123071798,-2.2915783799810194,0.055284351051599255,0.9053544266610688,18.752050628202902,0.3754208269329643,4.388221490416646
B,B_lognormal_jaynes_s0,lognormal_jaynes,0,8,97.52,True,34.087724243951335,16.63306320291735,-0.1980869878847239,0.1682936179618331,-12.676796828175808,-2.3801906918283193,0.05581545729745744,0.9069350275483747,18.35675911630616,0.3713822275456019,4.385764514663184
B,B_lognormal_jaynes_s0,lognormal_jaynes,0,9,97.4,True,34.47579454831919,17.363869996419634,-0.20628785246607934,0.16824909971799168,-13.164506575206433,-2.476946337185418,0.05629562232308392,0.905599166657366,18.026289714653156,0.3671280366092055,4.3834038268468065
B,B_lognormal_jaynes_s0,lognormal_jaynes,0,10,96.18,True,34.86106949539718,18.07126679637706,-0.20338566279673603,0.16829905726133712,-13.566871597309385,-2.5541305256717144,0.056739613890770445,0.9067331188874723,17.61765954726715,0.3627404955062133,4.381087206595273
B,B_lognormal_jaynes_s1,lognormal_jaynes,1,0,8.34,True,29.328508354483855,0.0,-0.13270265579045934,0.16632397879089683,-0.0027353120183626796,0.03514362036319127,0.0492670923580844,0.9997639493649972,32.69161813779296,0.48641258459109266,4.41722334955685
B,B_lognormal_jaynes_s1,lognormal_jaynes,1,1,94.12,True,30.891713745410247,8.517125582053296,-0.09491603634634478,0.15691342827721136,2.700121550576299,0.7788624383157511,0.0513554502060231,0.9080204844034026,25.295130222696393,0.43416359777931673,4.4083363110815466
B,B_lognormal_jaynes_s1,lognormal_jaynes,1,2,95.48,True,31.489383764027348,10.40344840429407,-0.09070014412474452,0.15209627343111712,3.772839332658301,1.0209939649701736,0.05222496288266435,0.9080602043536927,22.990163591754722,0.4147616933530477,4.404084158387069
B,B_lognormal_jaynes_s1,lognormal_jaynes,1,3,95.59,True,31.96516735978024,11.738625528290113,-0.08363454259284443,0.161496517388314,4.478790897565771,1.201168086131868,0.052846472603281014,0.9070887334861345,21.928674105202994,0.40550122292600965,4.400922696127847
B,B_lognormal_jaynes_s1,lognormal_jaynes,1,4,96.94,True,32.42199200086324,12.890584262560923,-0.08156870362661628,0.15583362442546048,5.0831435948288535,1.343428507482812,0.053471129812570704,0.9043580190944196,20.717796136900596,0.3940719851408912,4.397789330011899
B,B_lognormal_jaynes_s1,lognormal_jaynes,1,5,96.26,True,32.82169524473281,13.818964143165532,-0.08148456174842221,0.168860194902175,5.5015817753212914,1.4478459450877799,0.05399705101311225,0.9030695464757945,20.011746986398556,0.38669913966050357,4.395218282382734
B,B_lognormal_jaynes_s1,lognormal_jaynes,1,6,96.72,True,33.22944692475897,14.724441121745418,-0.0772717712991215,0.16090131774594982,5.923590864764541,1.5555944587626205,0.0544767627112729,0.906317732517248,19.595811281723954,0.38245066785198223,4.39328186168496
B,B_lognormal_jaynes_s1,lognormal_jaynes,1,7,97.2,True,33.632670282988926,15.573252189884881,-0.0796780008626288,0.1674309489457216,6.260030412243973,1.6535683492473638,0.054972889577958074,0.9066737083605728,19.02144744048321,0.37682083438866076,4.391050802743213
B,B_lognormal_jaynes_s1,lognormal_jaynes,1,8,97.4,True,34.032543514433044,16.36759311358629,-0.07394132039787285,0.17315727069635545,6.563808891607941,1.6870253100962473,0.055454095318668774,0.9018766286270766,18.654228974714133,0.3728164173063749,4.388909661754605
B,B_lognormal_jaynes_s1,lognormal_jaynes,1,9,97.68,True,34.42787457690083,17.123880391951378,-0.07863642906751492,0.1743410413005425,6.810565058507818,1.7684466968442023,0.05591504164648349,0.9026147546292498,18.381415809839886,0.36963017706391854,4.386979629594768
B,B_lognormal_jaynes_s1,lognormal_jaynes,1,10,97.09,True,34.82205194889515,17.848397606764685,-0.06715574346500605,0.1828960145906487,7.060058904767983,1.7865216706859137,0.05638098917929737,0.905980600575697,18.155605649214454,0.366500955216575,4.3848465149366636
B,B_lognormal_jaynes_s2,lognormal_jaynes,2,0,10.44,True,29.38912483581972,0.0,0.12985652313368293,0.39032020727297145,-0.0027353120183649434,0.03514362036319056,0.049154837006610205,0.9997091578665783,33.22392888337283,0.49311361617474575,4.417859256806761
B,B_lognormal_jaynes_s2,lognormal_jaynes,2,1,93.2,True,30.880061129529984,8.38932344892676,0.13376328318691771,0.393202065442711,-0.20495641503407505,3.068310868386161,0.05107563370916859,0.9111930354624166,24.855917295065215,0.43512361814531164,4.408140269301462
B,B_lognormal_jaynes_s2,lognormal_jaynes,2,2,95.69,True,31.51549172982018,10.397809841927572,0.1384039442634277,0.3785645142957106,-0.28157767052876925,4.380390747077477,0.052039353653949835,0.9067718084480972,22.543904707010874,0.41300085881027754,4.4029171693303555
B,B_lognormal_jaynes_s2,lognormal_jaynes,2,3,96.42,True,31.995037820445646,11.737438462601498,0.1373912533743545,0.3817093159918618,-0.34792491374137074,5.209754424006923,0.052714066010980096,0.90727756786661,21.55901629802836,0.40404285672023665,4.399656068419753
B,B_lognormal_jaynes_s2,lognormal_jaynes,2,4,96.7,True,32.45583623808957,12.907005635596873,0.12999832399887515,0.3680029929287115,-0.3967121801043269,5.87097900932486,0.05334291112159876,0.9041484809125068,20.75046872557416,0.39640401338079234,4.396567865721993
B,B_lognormal_jaynes_s2,lognormal_jaynes,2,5,96.94,True,32.90031296129503,13.93029602457698,0.12372737332672194,0.372060746136608,-0.4373533408288054,6.416780472200059,0.053928113418541014,0.9076633448033908,19.84027578610734,0.38790898137425656,4.393621055324607
B,B_lognormal_jaynes_s2,lognormal_jaynes,2,6,97.17,True,33.30742981583782,14.835987504369308,0.11898920057081505,0.3745665821505967,-0.498539488510189,6.841771224704337,0.05444354324888834,0.9058379711055506,19.476541715729077,0.38316290782775636,4.391193228815761
B,B_lognormal_jaynes_s2,lognormal_jaynes,2,7,97.49,True,33.71764527069906,15.68475453521895,0.1317152514670813,0.3672032885333044,-0.46327649269345283,7.222994706076085,0.05494296691066612,0.9090264895578752,18.846898370529892,0.3759721937578963,4.389010918359906
B,B_lognormal_jaynes_s2,lognormal_jaynes,2,8,97.5,True,34.08697144826147,16.420448189099822,0.12942193029358542,0.3610964122568604,-0.4926089850148443,7.534098269631461,0.05538985726833138,0.9097978558675223,18.534697429287288,0.3728134542846858,4.386962997576179
B,B_lognormal_jaynes_s2,lognormal_jaynes,2,9,97.28,True,34.512981070558155,17.231695676174684,0.13883094302811674,0.35270133988993074,-0.5066224660175941,7.834235296102609,0.05593274779750712,0.9123956236228098,18.13994709694955,0.36784015348736065,4.384566314469532
B,B_lognormal_jaynes_s2,lognormal_jaynes,2,10,97.29,True,34.90617616795537,17.984119008109648,0.14238864465764386,0.35768436812845417,-0.5100581847724392,8.062467417854434,0.05638779419423873,0.9099567927002349,17.80635091320282,0.36418672234111504,4.382640119764185
B,B_orthogonal_s0,orthogonal,0,0,7.78,True,34.08812123559104,0.0,-17.705950954801004,10.943208631076734,-0.0027353120183642213,0.03514362036319079,0.06647290860358739,0.8977436639131374,116.19989097509529,0.9999995655568679,4.5970857352070436
B,B_orthogonal_s0,orthogonal,0,1,94.56,True,35.106503784856585,7.009342160899954,-18.140614939254117,11.236074858625905,-0.048596500690242836,0.4539081973048954,0.06821823866630049,0.8987923270342975,49.737828841546744,0.6716786556038017,4.590170932908096
B,B_orthogonal_s0,orthogonal,0,2,95.87,True,35.57870671995444,8.824737640008426,-18.281080743561066,11.325461436637285,-0.05918201260430779,0.6233572476738255,0.06896934092626479,0.8957087920672067,44.89228802210062,0.6382247887810923,4.586386459236676
B,B_orthogonal_s0,orthogonal,0,3,97.16,True,36.01231078955766,10.244367487310708,-18.384990466441206,11.396936290304305,-0.04820848992518266,0.7274943713923199,0.06962455274807514,0.8964792741259162,40.990668594448756,0.6097763730913281,4.582990137863588
B,B_orthogonal_s0,orthogonal,0,4,96.99,True,36.4160930991662,11.431363442759842,-18.479730476619864,11.448966831683151,-0.04982393954551595,0.7993107732307009,0.07021732286724469,0.8979155723203436,38.35223287879321,0.5900919508135999,4.5798465635295456
B,B_orthogonal_s0,orthogonal,0,5,97.58,True,36.77469336053757,12.412164065636944,-18.547514612226248,11.494198697471894,-0.07812291308610717,0.8602060430732276,0.07072053397722704,0.8960159222741719,36.594737711588074,0.5756751368933198,4.577228785047633
B,B_orthogonal_s0,orthogonal,0,6,97.31,True,37.1120593806927,13.271744132714376,-18.612384435620566,11.535528012284178,-0.05814433214508664,0.9198465868773186,0.07116030292931604,0.8950074718631461,35.59917035193408,0.5669066967140883,4.57486717525786
B,B_orthogonal_s0,orthogonal,0,7,97.64,True,37.44954327742416,14.094614930573874,-18.6687456609031,11.563472536334062,-0.059231426883805165,0.9523788453165267,0.07160975757028716,0.8969616064054051,34.09475474870776,0.55461695439525,4.5725417864798725
B,B_orthogonal_s0,orthogonal,0,8,96.66,True,37.82746754528036,14.964694284146645,-18.715532860337248,11.60340531640352,-0.05714895617920256,0.9941201178429304,0.07210658121283292,0.8965778728679703,32.85094540675642,0.5449264501706683,4.56998611707449
B,B_orthogonal_s0,orthogonal,0,9,97.5,True,38.174648904997454,15.73430602210955,-18.7619398866142,11.638493271229276,-0.033341907424320166,1.0366314079638004,0.07253541036109237,0.8992250652873242,32.15138233425658,0.5378127207144312,4.567679118844183
B,B_orthogonal_s0,orthogonal,0,10,97.62,True,38.52266163477361,16.489554537958256,-18.80378416971643,11.671934880088065,-0.03408325577588015,1.0541921098395808,0.07298923599853294,0.8960780030247113,31.328262924048158,0.5297369223720535,4.565220850621069
B,B_orthogonal_s1,orthogonal,1,0,9.96,True,34.08812111694823,0.0,18.63225704021363,9.742427701957311,-0.002735312018364182,0.03514362036319076,0.06648802403244668,0.8914794846695523,116.199891590644,0.999999570711226,4.597085735207043
B,B_orthogonal_s1,orthogonal,1,1,94.81,True,35.16489681072309,7.176522526688853,19.124838403613193,10.061798358920129,0.26890169740194964,-1.8582765311137233,0.06842455062689189,0.893345917166239,50.63475055427124,0.6780314536287161,4.5899939577020294
B,B_orthogonal_s1,orthogonal,1,2,95.88,True,35.69529959110726,9.115789633614,19.29828309370948,10.174313457787372,0.40485709003991843,-2.686177541469813,0.06925579707784661,0.8954038367656937,43.36318193292139,0.6304996378326877,4.585892682929576
B,B_orthogonal_s1,orthogonal,1,3,96.98,True,36.15189214380413,10.533787670190403,19.43838699382832,10.25015014630867,0.5077607110798186,-3.3048944910140974,0.06993401258689565,0.8977258342160278,39.776486907037246,0.6046411814490777,4.58242571025251
B,B_orthogonal_s1,orthogonal,1,4,97.36,True,36.56730575851953,11.714712050760257,19.53333329828279,10.317610422070112,0.5825377879344822,-3.775901922683413,0.0705354788231234,0.8965750284976546,37.7181582013159,0.5886569110643628,4.579274977423085
B,B_orthogonal_s1,orthogonal,1,5,97.52,True,36.99964713836028,12.841288397578026,19.643786998591395,10.380201759286988,0.6726348173072545,-4.23482492250585,0.07113949799714496,0.8975525370262198,35.79657521780281,0.5721609618847249,4.576026141545482
B,B_orthogonal_s1,orthogonal,1,6,97.4,True,37.4108297103675,13.851808870862973,19.725695347270555,10.433765705108547,0.7326449709252767,-4.608517732242111,0.07172228899998262,0.898660414564814,34.31489619503318,0.5597035378110359,4.572949245347312
B,B_orthogonal_s1,orthogonal,1,7,97.41,True,37.80969356904014,14.764798374338397,19.794702872838293,10.483331364619392,0.776113977856038,-4.921031317592539,0.07224403484490387,0.8964739654622822,32.90634737154589,0.5471206567892842,4.570151187765367
B,B_orthogonal_s1,orthogonal,1,8,97.68,True,38.146104723234586,15.52598198118689,19.84409624754339,10.527498231310638,0.8393841047518271,-5.200304231640588,0.07266562247179777,0.8957998212203442,31.90182982759843,0.5378883455971792,4.567914008245934
B,B_orthogonal_s1,orthogonal,1,9,97.66,True,38.503684966916694,16.284297937450745,19.904427597497115,10.575472311164656,0.8729358712347447,-5.427353533384838,0.07310737014056097,0.8967148294577403,31.1812334732053,0.5313419129739007,4.565577005748603
B,B_orthogonal_s1,orthogonal,1,10,97.76,True,38.89050795319171,17.103979149918466,19.96869957662545,10.607493222317053,0.8962655572190148,-5.653591816088061,0.07355724213023217,0.8983451165457529,30.233164375372716,0.5224471752342422,4.562949468063363
B,B_orthogonal_s2,orthogonal,2,0,10.09,True,34.08812155335254,0.0,-0.6668714166435391,-21.349416498871435,-0.002735312018364366,0.0351436203631914,0.06653083589298986,0.8962104954905818,116.19989150479053,0.9999995693639466,4.597085735207043
B,B_orthogonal_s2,orthogonal,2,1,95.38,True,35.18229020657629,7.37779358440532,-0.6787964672392173,-21.925014065388808,0.43949535483889635,0.8579079418796114,0.06846964912306855,0.8929732926612264,48.929324688661225,0.6668041286251979,4.589583913009902
B,B_orthogonal_s2,orthogonal,2,2,95.9,True,35.69148153320207,9.248916105268668,-0.6771233215219917,-22.11924868424831,0.6406294417054789,1.1708751055686537,0.06924155131181235,0.8937710580352164,43.17434009709508,0.6256586059346377,4.585467738101715
B,B_orthogonal_s2,orthogonal,2,3,96.78,True,36.14450397236388,10.659197830441942,-0.6880595471227473,-22.269396286664303,0.7710120742989759,1.4038784009330016,0.06991397786421001,0.8967867330102488,39.25246247617029,0.5978235935708712,4.581878338131856
B,B_orthogonal_s2,orthogonal,2,4,97.04,True,36.55578823759422,11.82975626782626,-0.6965456871546728,-22.378271183016317,0.8642550310043743,1.5645316388822796,0.07049963343160429,0.8953538742868009,37.00156574408366,0.5800700361066761,4.578764490107281
B,B_orthogonal_s2,orthogonal,2,5,97.15,True,36.95779567390495,12.906649784098526,-0.7107065624159331,-22.47142307816148,0.9772681661374942,1.6844419587095105,0.07105023209793047,0.8950425356026284,35.38209798314083,0.5668132080314333,4.575679152852121
B,B_orthogonal_s2,orthogonal,2,6,97.16,True,37.3340586339483,13.824327067521688,-0.7132377795986072,-22.559443858089026,1.0345284429673787,1.7986320811257117,0.07153986356204564,0.8974478050497096,34.032819920562034,0.5555168112822082,4.57296780592293
B,B_orthogonal_s2,orthogonal,2,7,97.74,True,37.73392747854128,14.767238018115473,-0.7285731389813699,-22.643440614627224,1.1046094831006978,1.9256806878570956,0.07207394089857753,0.8977796912671867,32.712246507750784,0.5442171398417032,4.570063209511145
B,B_orthogonal_s2,orthogonal,2,8,97.74,True,38.111011496156706,15.599361024811362,-0.7330867053569615,-22.724997819590968,1.1748672640407347,2.033691201516474,0.07254620500901643,0.8971254811518022,31.987183795323507,0.5367938707073004,4.56751584164399
B,B_orthogonal_s2,orthogonal,2,9,97.71,True,38.50103618766257,16.429337436692933,-0.7365486764850722,-22.797696541093373,1.2136817974654326,2.104129359918541,0.0730718932897449,0.8954843116468133,31.154495006316147,0.5286361209277313,4.564825858775899
B,B_orthogonal_s2,orthogonal,2,10,97.7,True,38.86950962703188,17.193241173881795,-0.7370768379340561,-22.848861581952963,1.2640305027921817,2.16278465671806,0.07354303664075955,0.8985045356841261,30.420311611908016,0.5220631323102819,4.562369377658434
B,B_pytorch_default_s0,pytorch_default,0,0,9.58,True,19.776482850591503,0.0,-0.07645860929252293,0.0476232075607992,-0.002735312018364192,0.035143620363190915,0.04158277729734008,0.8126110580431547,34.16775705981021,0.5048163485558786,4.420391581056634
B,B_pytorch_default_s0,pytorch_default,0,1,91.29,True,22.008007707854002,8.59478633089431,-0.09395842916435565,0.009466299378229232,0.025606589512850112,0.5310376340017632,0.044906776711488114,0.8484397335341024,16.882924553979006,0.3560363090772913,4.393962742691425
B,B_pytorch_default_s0,pytorch_default,0,2,94.48,True,22.879776692412687,10.461400939697722,-0.09390307595787628,0.0035013777574833386,0.010470950057059183,0.7260086671809138,0.04612721499339501,0.8535779245431682,15.014489398553115,0.33334119429195797,4.384521656247314
B,B_pytorch_default_s0,pytorch_default,0,3,96.12,True,23.566918511712583,11.79395971899736,-0.09367685991893751,0.0018385256746684103,0.0037037204362021744,0.8231621425425565,0.04699137953971988,0.8590919587739398,14.331238067875129,0.3242376066414467,4.377900197467259
B,B_pytorch_default_s0,pytorch_default,0,4,96.36,True,24.17833521966335,12.900972573887344,-0.08884267909276732,-0.007670091560506307,0.002019899394069076,0.8932179240587634,0.04772289222240773,0.8628359974773703,13.924960613337532,0.3175634709455363,4.372454502231521
B,B_pytorch_default_s0,pytorch_default,0,5,96.19,True,24.759666070777453,13.89375267863804,-0.09278100728300616,-0.01561064757712702,-0.04427825561638401,0.9716509645424548,0.04837764213402364,0.8651005569585308,13.687427618101498,0.3131377941221867,4.368192461587073
B,B_pytorch_default_s0,pytorch_default,0,6,96.83,True,25.30586120846258,14.79617209177378,-0.09445197212116187,-0.009428831285513972,-0.009362341454793498,1.0313040549147947,0.048951248028910974,0.8671507036213505,13.447617481069262,0.3099317705815544,4.364526558010976
B,B_pytorch_default_s0,pytorch_default,0,7,96.77,True,25.786902445383483,15.560452062459907,-0.09433709088836251,-0.01842642463944643,-0.052860853153014954,1.0787986678678836,0.04943472011960989,0.8687398653770385,13.23587881681792,0.3067535738162622,4.36162458941532
B,B_pytorch_default_s0,pytorch_default,0,8,96.55,True,26.312313487449597,16.37798489769605,-0.09503686252553054,-0.01807862291082769,-0.05342165821571349,1.108572128267958,0.04998437876494309,0.8711419377481473,13.03356525609411,0.30406056855639985,4.358538474790121
B,B_pytorch_default_s0,pytorch_default,0,9,97.05,True,26.836299653197095,17.174084108870087,-0.09543406552742095,-0.01876199254986153,-0.03147955225125375,1.1320210972252922,0.050496310739849115,0.872266714411072,12.878808743366761,0.3020276150401956,4.355653345823548
B,B_pytorch_default_s0,pytorch_default,0,10,97.01,True,27.305470577090205,17.869076516882075,-0.09235798356385126,-0.02674414074230486,-0.061950570596267,1.1457890370318589,0.05096932087002485,0.8745771317463198,12.66572909991002,0.2992186191656071,4.35341836324209
B,B_pytorch_default_s1,pytorch_default,1,0,9.8,True,19.72764997346622,0.0,-0.00787439726082358,0.03274674776989161,-0.002735312018364188,0.035143620363191,0.04141859596535792,0.8149926067335208,34.28511462205181,0.5018339472555889,4.419932496167021
B,B_pytorch_default_s1,pytorch_default,1,1,91.03,True,22.042958153533927,8.743182654575433,0.022301488823627317,0.03374525648655416,0.2949565100258059,0.03989425050098674,0.04474977323333543,0.8501743004861557,16.975129170858843,0.35984106065850946,4.392852491795475
B,B_pytorch_default_s1,pytorch_default,1,2,94.35,True,22.932382604537818,10.59755787871999,0.034459592959702905,0.032576283367334535,0.410143827040905,-0.005279782561364947,0.04591900922817665,0.856616466227987,15.57791977145386,0.34561806425424546,4.384114933320948
B,B_pytorch_default_s1,pytorch_default,1,3,95.62,True,23.59202254898868,11.871698066297995,0.03714377482871453,0.03048399497542192,0.4829734995792467,-0.03598575618316998,0.046700153375536194,0.858226873917386,14.69209178236515,0.3355533098949577,4.378174770456247
B,B_pytorch_default_s1,pytorch_default,1,4,96.46,True,24.2433409373035,13.032728160814477,0.042821013904427704,0.03295302104300982,0.552462102755956,-0.07331842987336892,0.0474287111291665,0.8590220706657512,13.90743180469535,0.32648139240623675,4.37258386713638
B,B_pytorch_default_s1,pytorch_default,1,5,96.2,True,24.79093466055813,13.976676866339192,0.04405866460662548,0.030834179525996975,0.5907013520183757,-0.10376805031688939,0.04803623526408478,0.8656798127299716,13.597513213691045,0.32097475745644555,4.3684100413314475
B,B_pytorch_default_s1,pytorch_default,1,6,96.7,True,25.292941078875963,14.802634634845427,0.04027181831601459,0.02766163061538416,0.6274560462343004,-0.09675056899167057,0.04855319489712377,0.8663611168902859,13.322296435836481,0.3171938942457907,4.3651372418389816
B,B_pytorch_default_s1,pytorch_default,1,7,97.28,True,25.77013093212418,15.566220122213783,0.03937731331319413,0.029972989493915702,0.652285366414832,-0.107922788228635,0.0490502490497967,0.8685892061708935,13.08348412713078,0.31370457764781173,4.362053408470828
B,B_pytorch_default_s1,pytorch_default,1,8,97.07,True,26.277486099389822,16.359636389981446,0.0486041838589496,0.03388162450524932,0.68186812464663,-0.1320810469862539,0.04954505008546678,0.8706155176676924,12.8007290282165,0.30921802321862457,4.359232245342984
B,B_pytorch_default_s1,pytorch_default,1,9,97.41,True,26.78759112119893,17.132907851546612,0.04720924066462049,0.03731322276850808,0.7060743576217903,-0.15192894771359783,0.05004864401884618,0.8673303896036982,12.552872458774754,0.30586056114831567,4.356542871821924
B,B_pytorch_default_s1,pytorch_default,1,10,97.64,True,27.262967563988884,17.81697059292002,0.04463910030435558,0.03496771825370356,0.7411928280066737,-0.14106259721078301,0.0505580780169735,0.8728033520223024,12.428475137585844,0.3031236883167546,4.353850320956714
B,B_pytorch_default_s2,pytorch_default,2,0,9.58,True,19.7352646779973,0.0,-0.030483601718864016,0.007429852816667472,-0.0027353120183642972,0.03514362036319093,0.04147118354881152,0.8159514885240278,33.57641446012305,0.49335064133723555,4.419991808205873
B,B_pytorch_default_s2,pytorch_default,2,1,90.79,True,22.117799136425823,8.877939765226811,-0.02385085292110384,0.02390714072003828,0.4279097606423589,1.2701180015481628,0.044891659980540836,0.8487988190069851,15.347735500130756,0.34206435148201236,4.392277419161422
B,B_pytorch_default_s2,pytorch_default,2,2,94.2,True,23.030918913000075,10.737014404931749,-0.01979081154140808,0.015753508306804914,0.5301626908214402,1.7480406481509394,0.046093781838338295,0.8517595187744028,14.507048731534727,0.3354657940339509,4.383321659262438
B,B_pytorch_default_s2,pytorch_default,2,3,95.97,True,23.731402742898098,12.059502404008299,-0.023977778126917575,0.011739381522611267,0.5923763690264578,2.0662726155427484,0.046915182669741304,0.8587475854854398,13.753628951514509,0.32552715585881986,4.377311917539801
B,B_pytorch_default_s2,pytorch_default,2,4,96.06,True,24.35657414817044,13.161866836173079,-0.03232600026683305,0.006654431184907225,0.646467894439872,2.31741112506141,0.047642853114465075,0.8620953763549789,13.389683824657117,0.3201766830394736,4.372490212558368
B,B_pytorch_default_s2,pytorch_default,2,5,96.84,True,24.91282112820942,14.114175424403843,-0.03427729442544293,0.0063812912163365475,0.6698713321716753,2.5376795335515214,0.0482519499727317,0.8657772315387676,13.122710299023854,0.3160351536617322,4.368840559309431
B,B_pytorch_default_s2,pytorch_default,2,6,96.85,True,25.411574226515704,14.924193531397384,-0.037297756217097855,0.007454283687648762,0.7129179488904578,2.695232035392913,0.04877786618884731,0.8655368316033748,12.889322489900318,0.3121305580298688,4.36559556210806
B,B_pytorch_default_s2,pytorch_default,2,7,96.43,True,25.911447462768727,15.721544573563797,-0.04219493036026137,0.0029754286863541693,0.7483162278846168,2.8144857803203642,0.04927900353114467,0.8664852067981095,12.706038202720341,0.30869181101438203,4.362265439016166
B,B_pytorch_default_s2,pytorch_default,2,8,97.16,True,26.449158895145693,16.556626943076257,-0.0486681138353887,0.01047482023273819,0.7502489122194829,2.9494368459025857,0.04982965729656812,0.8720811053491436,12.690245612487002,0.3079080882547466,4.358991389819897
B,B_pytorch_default_s2,pytorch_default,2,9,97.08,True,27.0203271007743,17.41282698534084,-0.0491082481372632,0.00032036543865215434,0.8038430724617995,3.0801810377144934,0.05044252104579709,0.873686460525386,12.53383826331379,0.3057677263407901,4.355000332985758
B,B_pytorch_default_s2,pytorch_default,2,10,97.53,True,27.48010368655965,18.095361637406132,-0.055535408366738336,0.004592402054057485,0.8211315973033414,3.156858997081851,0.05090575429967568,0.8720322503305411,12.390844875918114,0.302501654247259,4.352422584078144
B,B_xavier_normal_s0,xavier_normal,0,0,9.6,True,35.5411155977914,0.0,-23.112363631682605,13.995039005990453,-0.0027353120183640114,0.03514362036319074,0.06971030570044194,0.8963572932050715,33.91716546160876,0.49860352277171927,4.419324134469745
B,B_xavier_normal_s0,xavier_normal,0,1,95.63,True,36.45076001376689,7.104347693828294,-23.665563556235846,14.357498996974593,-0.529090348420424,0.3786790430735478,0.0712903657436825,0.8978772549950804,31.767981153692507,0.48549591658109553,4.4169504514832765
B,B_xavier_normal_s0,xavier_normal,0,2,95.85,True,36.904412952737694,9.001501025137705,-23.850748128615358,14.47916507529024,-0.7404611545547749,0.4801757903484355,0.07196326311219935,0.8975338167268001,30.28424683919735,0.47520037876098675,4.415235672470421
B,B_xavier_normal_s0,xavier_normal,0,3,97.12,True,37.32565094863936,10.475430553178484,-23.999346265193,14.568938087332004,-0.8938431834741944,0.5594652502205297,0.07254653636604363,0.8986935646167428,29.399874919555497,0.46897569794033345,4.4138102093434854
B,B_xavier_normal_s0,xavier_normal,0,4,97.44,True,37.72785810890347,11.693902610276515,-24.126859726405456,14.641771597169871,-1.0306668350005732,0.6183151216628752,0.07310338228726716,0.8980047514675082,28.52672925454461,0.4619480885359657,4.412213384662662
B,B_xavier_normal_s0,xavier_normal,0,5,97.23,True,38.12393837074442,12.833996116086107,-24.236317692607305,14.709032244161154,-1.131144276253458,0.6747215766838757,0.07364028706811039,0.8993153978528072,27.86719762469108,0.45706399333948067,4.410848247293387
B,B_xavier_normal_s0,xavier_normal,0,6,97.22,True,38.51748693449265,13.852104335379035,-24.332220642056104,14.770603608675335,-1.2444956332501638,0.7090835675334443,0.07416775425425284,0.8966007065334203,27.224135695494237,0.451994946809713,4.4097626567443715
B,B_xavier_normal_s0,xavier_normal,0,7,97.47,True,38.876297870806965,14.748150716465966,-24.41447399086221,14.807276237459083,-1.301707549059774,0.7603115385341447,0.07463245880443671,0.8989114205352999,26.790627539061205,0.4484424932763611,4.408580144184883
B,B_xavier_normal_s0,xavier_normal,0,8,97.45,True,39.24650095897431,15.60496538761946,-24.49214342469525,14.85557700457675,-1.3883327655729616,0.7870475485666983,0.07512979804738948,0.8995181355049752,26.29838110745677,0.4443282981810716,4.40732632061607
B,B_xavier_normal_s0,xavier_normal,0,9,96.96,True,39.58513665446795,16.35109752087212,-24.55583151430603,14.890319429864793,-1.4426598382937792,0.8401540537584854,0.07554145626972629,0.901331243850428,25.84287650500166,0.4404666637680353,4.406194145890156
B,B_xavier_normal_s0,xavier_normal,0,10,97.64,True,39.94278387776552,17.126557357581586,-24.621259979908004,14.928163953614721,-1.4800865092894828,0.8403901782451163,0.07598732197209115,0.8974257924094061,25.50922944858304,0.43718978581974194,4.405153889752692
B,B_xavier_normal_s1,xavier_normal,1,0,13.77,True,35.53264717790738,0.0,24.23926409766928,12.372022097752694,-0.0027353120183647448,0.035143620363192296,0.06972623890432274,0.8971243613636816,34.108432866769235,0.49989594816491084,4.418662669781648
B,B_xavier_normal_s1,xavier_normal,1,1,95.35,True,36.41881658303748,7.002160209417331,24.913391678096186,12.707586644418734,1.3164419368913305,-3.4703750603179646,0.07128600182872828,0.8960450780581957,31.583016470766097,0.4847527462656066,4.417248947679529
B,B_xavier_normal_s1,xavier_normal,1,2,96.36,True,36.88388906719659,8.911305951018617,25.15975871577777,12.829068220456836,1.8846358064437005,-4.952570172067113,0.07196871044676721,0.896863149171307,30.367915232137943,0.4760144100211795,4.415797573111666
B,B_xavier_normal_s1,xavier_normal,1,3,96.5,True,37.31551164645451,10.395179178489926,25.348704071978815,12.914055228554659,2.3032814408613005,-6.0982265978998695,0.07260529726662757,0.8961670184514972,29.47571393061707,0.46907124293681435,4.414215060423751
B,B_xavier_normal_s1,xavier_normal,1,4,96.94,True,37.6809643235773,11.516961846878008,25.479098071599694,12.987999689048426,2.614639083388774,-6.935976271517355,0.07312881785570371,0.8934972271431754,28.863799869303897,0.4638756051484159,4.413237636242374
B,B_xavier_normal_s1,xavier_normal,1,5,97.38,True,38.10021575451736,12.684720534155701,25.609222501988217,13.053066813917486,2.9164775162663026,-7.730739883659285,0.07372687406084273,0.8950640766699764,28.126048217120626,0.4572608729735583,4.411510249893926
B,B_xavier_normal_s1,xavier_normal,1,6,97.39,True,38.519724312983854,13.756007035597118,25.73235575528867,13.12757984349737,3.1663705875499772,-8.446699556960283,0.0743213546404709,0.8954966871776847,27.140188922556224,0.4491026238807386,4.409899294833285
B,B_xavier_normal_s1,xavier_normal,1,7,97.15,True,38.87437648441919,14.656045541053581,25.82309446267507,13.18129002224672,3.3833343000853797,-9.003839006340394,0.07479744466645585,0.8978337429914733,26.76300035069277,0.4453823258609296,4.408808335868847
B,B_xavier_normal_s1,xavier_normal,1,8,97.8,True,39.200936905821294,15.403978316753989,25.90634884606689,13.213344686110549,3.5339632679234207,-9.44356372226731,0.0752105637910009,0.8957359742334461,26.429147043276583,0.44199441528877054,4.407685579681561
B,B_xavier_normal_s1,xavier_normal,1,9,97.85,True,39.56051762088393,16.20760076947531,25.98722538436555,13.24829894124503,3.701460265781577,-9.897461814956106,0.07567851913109312,0.8987236910559714,25.903968627490848,0.43688179393478677,4.406551287178791
B,B_xavier_normal_s1,xavier_normal,1,10,97.47,True,39.92862928395279,17.00383138932248,26.067232699442737,13.287949940250757,3.838466207567852,-10.313826669724975,0.07611706257835428,0.8977850575108649,25.478276533605513,0.4330631170147897,4.405588766107313
B,B_xavier_normal_s2,xavier_normal,2,0,10.3,True,35.597417874769015,0.0,-0.9028456650789158,-27.694814994748114,-0.00273531201836463,0.03514362036319229,0.07002514491516919,0.8957993683911795,33.865044450051016,0.498864624404922,4.419163983962398
B,B_xavier_normal_s2,xavier_normal,2,1,95.01,True,36.5096298736978,7.228468174334517,-0.9678974896841401,-28.368322523047805,0.5487517505051108,1.2620987100386254,0.07153656910890839,0.895426640846844,31.822376947539407,0.4865203371355714,4.417592021503589
B,B_xavier_normal_s2,xavier_normal,2,2,95.89,True,36.96872831411593,9.152042449962469,-0.9869285945257479,-28.58122684201158,0.7595446815097558,1.7286226268549036,0.0722443564611955,0.8937636575490104,30.595904216692833,0.4777400698786958,4.416324710220822
B,B_xavier_normal_s2,xavier_normal,2,3,96.78,True,37.378336969156706,10.594651305521424,-0.9984920931701909,-28.74874968217214,0.9404047872251214,2.084034898913635,0.07285441891293784,0.8925008244290916,29.76800484633653,0.47144578408133136,4.41449668788439
B,B_xavier_normal_s2,xavier_normal,2,4,97.26,True,37.79371975989141,11.838102578744282,-1.016375906761723,-28.900633719327832,1.088790963120154,2.390624625917781,0.07348561792264088,0.8954545642960661,29.072403470537466,0.4647857646134982,4.412987290896436
B,B_xavier_normal_s2,xavier_normal,2,5,97.31,True,38.17202368926456,12.897095162298493,-1.0343552371365414,-29.01708518487937,1.1569606473292997,2.6315218604145008,0.07401488245227897,0.8969630235258904,28.587939068596892,0.45754018185779344,4.411622204402374
B,B_xavier_normal_s2,xavier_normal,2,6,97.29,True,38.55596221736162,13.895946506495003,-1.0494564187171371,-29.12951464042727,1.2468050306473353,2.8612800848172597,0.07456160091466944,0.8955935972135697,27.87173009439461,0.4502860815902193,4.410200550462685
B,B_xavier_normal_s2,xavier_normal,2,7,96.97,True,38.943036870019945,14.844682763962535,-1.0497539756459016,-29.226373214022995,1.3575661910420151,3.0362039039347652,0.07507062569997328,0.8976053147506086,27.390263748757473,0.44443619548100505,4.408564894462908
B,B_xavier_normal_s2,xavier_normal,2,8,97.54,True,39.3236776514818,15.73143121013543,-1.0579907661429768,-29.32354797251997,1.4252202271092798,3.2102400149162826,0.07555119353780057,0.8963362573728627,26.875595635330075,0.4389726316403473,4.4076060199163365
B,B_xavier_normal_s2,xavier_normal,2,9,97.25,True,39.66090865922635,16.501897937799203,-1.0714486256105644,-29.39409040572439,1.501992506420826,3.3260364273532725,0.07596645822568512,0.8996871310703598,26.528226142432338,0.4353261275475333,4.406323929187588
B,B_xavier_normal_s2,xavier_normal,2,10,97.92,True,40.009904810347756,17.264374795788054,-1.0818938053770661,-29.463427526563745,1.5509188369486442,3.452947050424575,0.07647581086581924,0.898282869943549,25.853483814604385,0.4291892946634975,4.405220191669636
